id,jpn,eng,ger,fra,kor,cs,ct
1.1,フシギダネ,Bulbasaur,Bisasam,Bulbizarre,이상해씨,妙蛙种子,妙蛙種子
2.1,フシギソウ,Ivysaur,Bisaknosp,Herbizarre,이상해풀,妙蛙草,妙蛙草
3.1,フシギバナ,Venusaur,Bisaflor,Florizarre,이상해꽃,妙蛙花,妙蛙花
3.2,メガフシギバナ,Mega Venusaur,null,null,null,null,null
4.1,ヒトカゲ,Charmander,Glumanda,Salameche,파이리,小火龙,小火龍
5.1,リザード,Charmeleon,Glutexo,Reptincel,리자드,火恐龙,火恐龍
6.1,リザードン,Charizard,Glurak,Dracaufeu,리자몽,喷火龙,噴火龍
6.2,メガリザードンX,Mega Charizard X,null,null,null,null,null
6.3,メガリザードンY,Mega Charizard Y,null,null,null,null,null
7.1,ゼニガメ,Squirtle,Schiggy,Carapuce,꼬부기,杰尼龟,傑尼龜
8.1,カメール,Wartortle,Schillok,Carabaffe,어니부기,卡咪龟,卡咪龜
9.1,カメックス,Blastoise,Turtok,Tortank,거북왕,水箭龟,水箭龜
9.2,メガカメックス,Mega Blastoise,null,null,null,null,null
10.1,キャタピー,Caterpie,Raupy,Chenipan,캐터피,绿毛虫,綠毛蟲
11.1,トランセル,Metapod,Safcon,Chrysacier,단데기,铁甲蛹,鐵甲蛹
12.1,バタフリー,Butterfree,Smettbo,Papilusion,버터플,巴大蝶,巴大蝶
13.1,ビードル,Weedle,Hornliu,Aspicot,뿔충이,独角虫,獨角蟲
14.1,コクーン,Kakuna,Kokuna,Coconfort,딱충이,铁壳蛹,鐵殼蛹
15.1,スピアー,Beedrill,Bibor,Dardagnan,독침붕,大针蜂,大針蜂
15.2,メガスピアー,Mega Beedrill,null,null,null,null,null
16.1,ポッポ,Pidgey,Taubsi,Roucool,구구,波波,波波
17.1,ピジョン,Pidgeotto,Tauboga,Roucoups,피죤,比比鸟,比比鳥
18.1,ピジョット,Pidgeot,Tauboss,Roucarnage,피죤투,大比鸟,大比鳥
18.2,メガピジョット,Mega Pidgeot,null,null,null,null,null
19.1,コラッタ,Rattata,Rattfratz,Rattata,꼬렛,小拉达,小拉達
19.2,アローラコラッタ,Alolan Rattata,null,null,null,null,null
20.1,ラッタ,Raticate,Rattikarl,Rattatac,레트라,拉达,拉達
20.2,アローララッタ,Alolan Raticate,null,null,null,null,null
21.1,オニスズメ,Spearow,Habitak,Piafabec,깨비참,烈雀,烈雀
22.1,オニドリル,Fearow,Ibitak,Rapasdepic,깨비드릴조,大嘴雀,大嘴雀
23.1,アーボ,Ekans,Rettan,Abo,아보,阿柏蛇,阿柏蛇
24.1,アーボック,Arbok,Arbok,Arbok,아보크,阿柏怪,阿柏怪
25.1,ピカチュウ,Pikachu,Pikachu,Pikachu,피카츄,皮卡丘,皮卡丘
26.1,ライチュウ,Raichu,Raichu,Raichu,라이츄,雷丘,雷丘
26.2,アローラライチュウ,Alolan Raichu,null,null,null,null,null
27.1,サンド,Sandshrew,Sandan,Sabelette,모래두지,穿山鼠,穿山鼠
27.2,アローラサンド,Alolan Sandshrew,null,null,null,null,null
28.1,サンドパン,Sandslash,Sandamer,Sablaireau,고지,穿山王,穿山王
28.2,アローラサンドパン,Alolan Sandslash,null,null,null,null,null
29.1,ニドラン♀,Nidoran♀,Nidoran♀,Nidoran♀,니드런♀,尼多兰,尼多蘭
30.1,ニドリーナ,Nidorina,Nidorina,Nidorina,니드리나,尼多娜,尼多娜
31.1,ニドクイン,Nidoqueen,Nidoqueen,Nidoqueen,니드퀸,尼多后,尼多后
32.1,ニドラン♂,Nidoran♂,Nidoran♂,Nidoran♂,니드런♂,尼多朗,尼多朗
33.1,ニドリーノ,Nidorino,Nidorino,Nidorino,니드리노,尼多力诺,尼多力諾
34.1,ニドキング,Nidoking,Nidoking,Nidoking,니드킹,尼多王,尼多王
35.1,ピッピ,Clefairy,Piepi,Melofee,삐삐,皮皮,皮皮
36.1,ピクシー,Clefable,Pixi,Melodelfe,픽시,皮可西,皮可西
37.1,ロコン,Vulpix,Vulpix,Goupix,식스테일,六尾,六尾
37.2,アローラロコン,Alolan Vulpix,null,null,null,null,null
38.1,キュウコン,Ninetales,Vulnona,Feunard,나인테일,九尾,九尾
38.2,アローラキュウコン,Alolan Ninetales,null,null,null,null,null
39.1,プリン,Jigglypuff,Pummeluff,Rondoudou,푸린,胖丁,胖丁
40.1,プクリン,Wigglytuff,Knuddeluff,Grodoudou,푸크린,胖可丁,胖可丁
41.1,ズバット,Zubat,Zubat,Nosferapti,주뱃,超音蝠,超音蝠
42.1,ゴルバット,Golbat,Golbat,Nosferalto,골뱃,大嘴蝠,大嘴蝠
43.1,ナゾノクサ,Oddish,Myrapla,Mystherbe,뚜벅쵸,走路草,走路草
44.1,クサイハナ,Gloom,Duflor,Ortide,냄새꼬,臭臭花,臭臭花
45.1,ラフレシア,Vileplume,Giflor,Rafflesia,라플레시아,霸王花,霸王花
46.1,パラス,Paras,Paras,Paras,파라스,派拉斯,派拉斯
47.1,パラセクト,Parasect,Parasek,Parasect,파라섹트,派拉斯特,派拉斯特
48.1,コンパン,Venonat,Bluzuk,Mimitoss,콘팡,毛球,毛球
49.1,モルフォン,Venomoth,Omot,Aeromite,도나리,摩鲁蛾,摩魯蛾
50.1,ディグダ,Diglett,Digda,Taupiqueur,디그다,地鼠,地鼠
50.2,アローラディグダ,Alolan Diglett,null,null,null,null,null
51.1,ダグトリオ,Dugtrio,Digdri,Triopikeur,닥트리오,三地鼠,三地鼠
51.2,アローラダグトリオ,Alolan Dugtrio,null,null,null,null,null
52.1,ニャース,Meowth,Mauzi,Miaouss,나옹,喵喵,喵喵
52.2,アローラニャース,Alolan Meowth,null,null,null,null,null
52.3,ガラルニャース,Galarian Meowth,null,null,null,null,null
53.1,ペルシアン,Persian,Snobilikat,Persian,페르시온,猫老大,貓老大
53.2,アローラペルシアン,Alolan Persian,null,null,null,null,null
54.1,コダック,Psyduck,Enton,Psykokwak,고라파덕,可达鸭,可達鴨
55.1,ゴルダック,Golduck,Entoron,Akwakwak,골덕,哥达鸭,哥達鴨
56.1,マンキー,Mankey,Menki,Ferosinge,망키,猴怪,猴怪
57.1,オコリザル,Primeape,Rasaff,Colossinge,성원숭,火暴猴,火爆猴
58.1,ガーディ,Growlithe,Fukano,Caninos,가디,卡蒂狗,卡蒂狗
58.2,ヒスイガーディ,Hisuian Growlithe,null,null,null,null,null
59.1,ウインディ,Arcanine,Arkani,Arcanin,윈디,风速狗,風速狗
59.2,ヒスイウインディ,Hisuian Arcanine,null,null,null,null,null
60.1,ニョロモ,Poliwag,Quapsel,Ptitard,발챙이,蚊香蝌蚪,蚊香蝌蚪
61.1,ニョロゾ,Poliwhirl,Quaputzi,Tetarte,수륙챙이,蚊香君,蚊香君
62.1,ニョロボン,Poliwrath,Quappo,Tartard,강챙이,蚊香泳士,蚊香泳士
63.1,ケーシィ,Abra,Abra,Abra,캐이시,凯西,凱西
64.1,ユンゲラー,Kadabra,Kadabra,Kadabra,윤겔라,勇基拉,勇基拉
65.1,フーディン,Alakazam,Simsala,Alakazam,후딘,胡地,胡地
65.2,メガフーディン,Mega Alakazam,null,null,null,null,null
66.1,ワンリキー,Machop,Machollo,Machoc,알통몬,腕力,腕力
67.1,ゴーリキー,Machoke,Maschock,Machopeur,근육몬,豪力,豪力
68.1,カイリキー,Machamp,Machomei,Mackogneur,괴력몬,怪力,怪力
69.1,マダツボミ,Bellsprout,Knofensa,Chetiflor,모다피,喇叭芽,喇叭芽
70.1,ウツドン,Weepinbell,Ultrigaria,Boustiflor,우츠동,口呆花,口呆花
71.1,ウツボット,Victreebel,Sarzenia,Empiflor,우츠보트,大食花,大食花
72.1,メノクラゲ,Tentacool,Tentacha,Tentacool,왕눈해,玛瑙水母,瑪瑙水母
73.1,ドククラゲ,Tentacruel,Tentoxa,Tentacruel,독파리,毒刺水母,毒刺水母
74.1,イシツブテ,Geodude,Kleinstein,Racaillou,꼬마돌,小拳石,小拳石
74.2,アローライシツブテ,Alolan Geodude,null,null,null,null,null
75.1,ゴローン,Graveler,Georok,Gravalanch,데구리,隆隆石,隆隆石
75.2,アローラゴローン,Alolan Graveler,null,null,null,null,null
76.1,ゴローニャ,Golem,Geowaz,Grolem,딱구리,隆隆岩,隆隆岩
76.2,アローラゴローニャ,Alolan Golem,null,null,null,null,null
77.1,ポニータ,Ponyta,Ponita,Ponyta,포니타,小火马,小火馬
77.2,ガラルポニータ,Galarian Ponyta,null,null,null,null,null
78.1,ギャロップ,Rapidash,Gallopa,Galopa,날쌩마,烈焰马,烈焰馬
78.2,ガラルギャロップ,Galarian Rapidash,null,null,null,null,null
79.1,ヤドン,Slowpoke,Flegmon,Ramoloss,야돈,呆呆兽,呆呆獸
79.2,ガラルヤドン,Galarian Slowpoke,null,null,null,null,null
80.1,ヤドラン,Slowbro,Lahmus,Flagadoss,야도란,呆壳兽,呆殼獸
80.2,メガヤドラン,Mega Evolution Slowbro,null,null,null,null,null
80.3,ガラルヤドラン,Galarian Slowbro,null,null,null,null,null
81.1,コイル,Magnemite,Magnetilo,Magneti,코일,小磁怪,小磁怪
82.1,レアコイル,Magneton,Magneton,Magneton,레어코일,三合一磁怪,三合一磁怪
83.1,カモネギ,Farfetch'd,Porenta,Canarticho,파오리,大葱鸭,大蔥鴨
83.2,ガラルカモネギ,Galarian Farfetch'd,null,null,null,null,null
84.1,ドードー,Doduo,Dodu,Doduo,두두,嘟嘟,嘟嘟
85.1,ドードリオ,Dodrio,Dodri,Dodrio,두트리오,嘟嘟利,嘟嘟利
86.1,パウワウ,Seel,Jurob,Otaria,쥬쥬,小海狮,小海獅
87.1,ジュゴン,Dewgong,Jugong,Lamantine,쥬레곤,白海狮,白海獅
88.1,ベトベター,Grimer,Sleima,Tadmorv,질퍽이,臭泥,臭泥
88.2,アローラベトベター,Alolan Grimer,null,null,null,null,null
89.1,ベトベトン,Muk,Sleimok,Grotadmorv,질뻐기,臭臭泥,臭臭泥
89.2,アローラベトベトン,Alolan Muk,null,null,null,null,null
90.1,シェルダー,Shellder,Muschas,Kokiyas,셀러,大舌贝,大舌貝
91.1,パルシェン,Cloyster,Austos,Crustabri,파르셀,刺甲贝,刺甲貝
92.1,ゴース,Gastly,Nebulak,Fantominus,고오스,鬼斯,鬼斯
93.1,ゴースト,Haunter,Alpollo,Spectrum,고우스트,鬼斯通,鬼斯通
94.1,ゲンガー,Gengar,Gengar,Ectoplasma,팬텀,耿鬼,耿鬼
94.2,メガゲンガー,Mega Gengar,null,null,null,null,null
95.1,イワーク,Onix,Onix,Onix,롱스톤,大岩蛇,大岩蛇
96.1,スリープ,Drowzee,Traumato,Soporifik,슬리프,催眠貘,催眠貘
97.1,スリーパー,Hypno,Hypno,Hypnomade,슬리퍼,引梦貘人,引夢貘人
98.1,クラブ,Krabby,Krabby,Krabby,크랩,大钳蟹,大鉗蟹
99.1,キングラー,Kingler,Kingler,Krabboss,킹크랩,巨钳蟹,巨鉗蟹
100.1,ビリリダマ,Voltorb,Voltobal,Voltorbe,찌리리공,霹雳电球,霹靂電球
100.2,ヒスイビリリダマ,Hisuian Voltorb,null,null,null,null,null
101.1,マルマイン,Electrode,Lektrobal,Electrode,붐볼,顽皮雷弹,頑皮雷彈
101.2,ヒスイマルマイン,Hisuian Electrode,null,null,null,null,null
102.1,タマタマ,Exeggcute,Owei,Noeunoeuf,아라리,蛋蛋,蛋蛋
103.1,ナッシー,Exeggutor,Kokowei,Noadkoko,나시,椰蛋树,椰蛋樹
103.2,アローラナッシー,Alolan Exeggutor,null,null,null,null,null
104.1,カラカラ,Cubone,Tragosso,Osselait,탕구리,卡拉卡拉,卡拉卡拉
105.1,ガラガラ,Marowak,Knogga,Ossatueur,텅구리,嘎啦嘎啦,嘎啦嘎啦
105.2,アローラガラガラ,Alolan Marowak,null,null,null,null,null
106.1,サワムラー,Hitmonlee,Kicklee,Kicklee,시라소몬,飞腿郎,飛腿郎
107.1,エビワラー,Hitmonchan,Nockchan,Tygnon,홍수몬,快拳郎,快拳郎
108.1,ベロリンガ,Lickitung,Schlurp,Excelangue,내루미,大舌头,大舌頭
109.1,ドガース,Koffing,Smogon,Smogo,또가스,瓦斯弹,瓦斯彈
110.1,マタドガス,Weezing,Smogmog,Smogogo,또도가스,双弹瓦斯,雙彈瓦斯
110.2,ガラルマタドガス,Galarian Weezing,null,null,null,null,null
111.1,サイホーン,Rhyhorn,Rihorn,Rhinocorne,뿔카노,独角犀牛,獨角犀牛
112.1,サイドン,Rhydon,Rizeros,Rhinoferos,코뿌리,钻角犀兽,鑽角犀獸
113.1,ラッキー,Chansey,Chaneira,Leveinard,럭키,吉利蛋,吉利蛋
114.1,モンジャラ,Tangela,Tangela,Saquedeneu,덩구리,蔓藤怪,蔓藤怪
115.1,ガルーラ,Kangaskhan,Kangama,Kangourex,캥카,袋兽,袋獸
115.2,メガガルーラ,Mega Kangaskhan,null,null,null,null,null
116.1,タッツー,Horsea,Seeper,Hypotrempe,쏘드라,墨海马,墨海馬
117.1,シードラ,Seadra,Seemon,Hypocean,시드라,海刺龙,海刺龍
118.1,トサキント,Goldeen,Goldini,Poissirene,콘치,角金鱼,角金魚
119.1,アズマオウ,Seaking,Golking,Poissoroy,왕콘치,金鱼王,金魚王
120.1,ヒトデマン,Staryu,Sterndu,Stari,별가사리,海星星,海星星
121.1,スターミー,Starmie,Starmie,Staross,아쿠스타,宝石海星,寶石海星
122.1,バリヤード,Mr. Mime,Pantimos,M.Mime,마임맨,魔墙人偶,魔牆人偶
122.2,ガラルバリヤード,Galarian Mr. Mime,null,null,null,null,null
123.1,ストライク,Scyther,Sichlor,Insecateur,스라크,飞天螳螂,飛天螳螂
124.1,ルージュラ,Jynx,Rossana,Lippoutou,루주라,迷唇姐,迷唇姐
125.1,エレブー,Electabuzz,Elektek,Elektek,에레브,电击兽,電擊獸
126.1,ブーバー,Magmar,Magmar,Magmar,마그마,鸭嘴火兽,鴨嘴火獸
127.1,カイロス,Pinsir,Pinsir,Scarabrute,쁘사이저,凯罗斯,凱羅斯
127.2,メガカイロス,Mega Pinsir,null,null,null,null,null
128.1,ケンタロス,Tauros,Tauros,Tauros,켄타로스,肯泰罗,肯泰羅
128.2,パルデアケンタロス,Paldean Tauros,null,null,null,null,null
128.3,パルデアケンタロス,Paldean Tauros,null,null,null,null,null
128.4,パルデアケンタロス,Paldean Tauros,null,null,null,null,null
129.1,コイキング,Magikarp,Karpador,Magicarpe,잉어킹,鲤鱼王,鯉魚王
130.1,ギャラドス,Gyarados,Garados,Leviator,갸라도스,暴鲤龙,暴鯉龍
130.2,メガギャラドス,Mega Gyarados,null,null,null,null,null
131.1,ラプラス,Lapras,Lapras,Lokhlass,라프라스,拉普拉斯,拉普拉斯
132.1,メタモン,Ditto,Ditto,Metamorph,메타몽,百变怪,百變怪
133.1,イーブイ,Eevee,Evoli,Evoli,이브이,伊布,伊布
134.1,シャワーズ,Vaporeon,Aquana,Aquali,샤미드,水伊布,水伊布
135.1,サンダース,Jolteon,Blitza,Voltali,쥬피썬더,雷伊布,雷伊布
136.1,ブースター,Flareon,Flamara,Pyroli,부스터,火伊布,火伊布
137.1,ポリゴン,Porygon,Porygon,Porygon,폴리곤,多边兽,多邊獸
138.1,オムナイト,Omanyte,Amonitas,Amonita,암나이트,菊石兽,菊石獸
139.1,オムスター,Omastar,Amoroso,Amonistar,암스타,多刺菊石兽,多刺菊石獸
140.1,カブト,Kabuto,Kabuto,Kabuto,투구,化石盔,化石盔
141.1,カブトプス,Kabutops,Kabutops,Kabutops,투구푸스,镰刀盔,鐮刀盔
142.1,プテラ,Aerodactyl,Aerodactyl,Ptera,프테라,化石翼龙,化石翼龍
142.2,メガプテラ,Mega Aerodactyl,null,null,null,null,null
143.1,カビゴン,Snorlax,Relaxo,Ronflex,잠만보,卡比兽,卡比獸
144.1,フリーザー,Articuno,Arktos,Artikodin,프리져,急冻鸟,急凍鳥
144.2,ガラルフリーザー,Galarian Articuno,null,null,null,null,null
145.1,サンダー,Zapdos,Zapdos,Electhor,썬더,闪电鸟,閃電鳥
145.2,ガラルサンダー,Galarian Zapdos,null,null,null,null,null
146.1,ファイヤー,Moltres,Lavados,Sulfura,파이어,火焰鸟,火焰鳥
146.2,ガラルファイヤー,Galarian Moltres,null,null,null,null,null
147.1,ミニリュウ,Dratini,Dratini,Minidraco,미뇽,迷你龙,迷你龍
148.1,ハクリュー,Dragonair,Dragonir,Draco,신뇽,哈克龙,哈克龍
149.1,カイリュー,Dragonite,Dragoran,Dracolosse,망나뇽,快龙,快龍
150.1,ミュウツー,Mewtwo,Mewtu,Mewtwo,뮤츠,超梦,超夢
150.2,メガミュウツー X,Mega Mewtwo X,null,null,null,null,null
150.3,メガミュウツー Y,Mega Mewtwo Y,null,null,null,null,null
151.1,ミュウ,Mew,Mew,Mew,뮤,梦幻,夢幻
152.1,チコリータ,Chikorita,Endivie,Germignon,치코리타,菊草叶,菊草葉
153.1,ベイリーフ,Bayleef,Lorblatt,Macronium,베이리프,月桂叶,月桂葉
154.1,メガニウム,Meganium,Meganie,Meganium,메가니움,大竺葵,大竺葵
155.1,ヒノアラシ,Cyndaquil,Feurigel,Hericendre,브케인,火球鼠,火球鼠
156.1,マグマラシ,Quilava,Igelavar,Feurisson,마그케인,火岩鼠,火岩鼠
157.1,バクフーン,Typhlosion,Tornupto,Typhlosion,블레이범,火暴兽,火爆獸
157.2,ヒスイバクフーン,Hisuian Typhlosion,null,null,null,null,null
158.1,ワニノコ,Totodile,Karnimani,Kaiminus,리아코,小锯鳄,小鋸鱷
159.1,アリゲイツ,Croconaw,Tyracroc,Crocrodil,엘리게이,蓝鳄,藍鱷
160.1,オーダイル,Feraligatr,Impergator,Aligatueur,장크로다일,大力鳄,大力鱷
161.1,オタチ,Sentret,Wiesor,Fouinette,꼬리선,尾立,尾立
162.1,オオタチ,Furret,Wiesenior,Fouinar,다꼬리,大尾立,大尾立
163.1,ホーホー,Hoothoot,Hoothoot,Hoothoot,부우부,咕咕,咕咕
164.1,ヨルノズク,Noctowl,Noctuh,Noarfang,야부엉,猫头夜鹰,貓頭夜鷹
165.1,レディバ,Ledyba,Ledyba,Coxy,레디바,芭瓢虫,芭瓢蟲
166.1,レディアン,Ledian,Ledian,Coxyclaque,레디안,安瓢虫,安瓢蟲
167.1,イトマル,Spinarak,Webarak,Mimigal,페이검,圆丝蛛,圓絲蛛
168.1,アリアドス,Ariados,Ariados,Migalos,아리아도스,阿利多斯,阿利多斯
169.1,クロバット,Crobat,Iksbat,Nostenfer,크로뱃,叉字蝠,叉字蝠
170.1,チョンチー,Chinchou,Lampi,Loupio,초라기,灯笼鱼,燈籠魚
171.1,ランターン,Lanturn,Lanturn,Lanturn,랜턴,电灯怪,電燈怪
172.1,ピチュー,Pichu,Pichu,Pichu,피츄,皮丘,皮丘
173.1,ピィ,Cleffa,Pii,Melo,삐,皮宝宝,皮寶寶
174.1,ププリン,Igglybuff,Fluffeluff,Toudoudou,푸푸린,宝宝丁,寶寶丁
175.1,トゲピー,Togepi,Togepi,Togepi,토게피,波克比,波克比
176.1,トゲチック,Togetic,Togetic,Togetic,토게틱,波克基古,波克基古
177.1,ネイティ,Natu,Natu,Natu,네이티,天然雀,天然雀
178.1,ネイティオ,Xatu,Xatu,Xatu,네이티오,天然鸟,天然鳥
179.1,メリープ,Mareep,Voltilamm,Wattouat,메리프,咩利羊,咩利羊
180.1,モココ,Flaaffy,Waaty,Lainergie,보송송,茸茸羊,茸茸羊
181.1,デンリュウ,Ampharos,Ampharos,Pharamp,전룡,电龙,電龍
181.2,メガデンリュウ,Mega Ampharos,null,null,null,null,null
182.1,キレイハナ,Bellossom,Blubella,Joliflor,아르코,美丽花,美麗花
183.1,マリル,Marill,Marill,Marill,마릴,玛力露,瑪力露
184.1,マリルリ,Azumarill,Azumarill,Azumarill,마릴리,玛力露丽,瑪力露麗
185.1,ウソッキー,Sudowoodo,Mogelbaum,Simularbre,꼬지모,树才怪,樹才怪
186.1,ニョロトノ,Politoed,Quaxo,Tarpaud,왕구리,蚊香蛙皇,蚊香蛙皇
187.1,ハネッコ,Hoppip,Hoppspross,Granivol,통통코,毽子草,毽子草
188.1,ポポッコ,Skiploom,Hubelupf,Floravol,두코,毽子花,毽子花
189.1,ワタッコ,Jumpluff,Papungha,Cotovol,솜솜코,毽子棉,毽子棉
190.1,エイパム,Aipom,Griffel,Capumain,에이팜,长尾怪手,長尾怪手
191.1,ヒマナッツ,Sunkern,Sonnkern,Tournegrin,해너츠,向日种子,向日種子
192.1,キマワリ,Sunflora,Sonnflora,Heliatronc,해루미,向日花怪,向日花怪
193.1,ヤンヤンマ,Yanma,Yanma,Yanma,왕자리,蜻蜻蜓,蜻蜻蜓
194.1,ウパー,Wooper,Felino,Axoloto,우파,乌波,烏波
194.2,パルデアウパー,Paldean Wooper,null,null,null,null,null
195.1,ヌオー,Quagsire,Morlord,Maraiste,누오,沼王,沼王
196.1,エーフィ,Espeon,Psiana,Mentali,에브이,太阳伊布,太陽伊布
197.1,ブラッキー,Umbreon,Nachtara,Noctali,블래키,月亮伊布,月亮伊布
198.1,ヤミカラス,Murkrow,Kramurx,Cornebre,니로우,黑暗鸦,黑暗鴉
199.1,ヤドキング,Slowking,Laschoking,Roigada,야도킹,呆呆王,呆呆王
199.2,ガラルヤドキング,Galarian Slowking,null,null,null,null,null
200.1,ムウマ,Misdreavus,Traunfugil,Feuforeve,무우마,梦妖,夢妖
201.1,アンノーン,Unown,Icognito,Zarbi,안농,未知图腾,未知圖騰
202.1,ソーナンス,Wobbuffet,Woingenau,Qulbutoke,마자용,果然翁,果然翁
203.1,キリンリキ,Girafarig,Girafarig,Girafarig,키링키,麒麟奇,麒麟奇
204.1,クヌギダマ,Pineco,Tannza,Pomdepic,피콘,榛果球,榛果球
205.1,フォレトス,Forretress,Forstellka,Foretress,쏘콘,佛烈托斯,佛烈托斯
206.1,ノコッチ,Dunsparce,Dummisel,Insolourdo,노고치,土龙弟弟,土龍弟弟
207.1,グライガー,Gligar,Skorgla,Scorplane,글라이거,天蝎,天蠍
208.1,ハガネール,Steelix,Stahlos,Steelix,강철톤,大钢蛇,大鋼蛇
208.2,メガハガネール,Mega Steelix,null,null,null,null,null
209.1,ブルー,Snubbull,Snubbull,Snubbull,블루,布鲁,布魯
210.1,グランブル,Granbull,Granbull,Granbull,그랑블루,布鲁皇,布魯皇
211.1,ハリーセン,Qwilfish,Baldorfish,Qwilfish,침바루,千针鱼,千針魚
211.2,ヒスイハリーセン,Hisuian Qwilfish,null,null,null,null,null
212.1,ハッサム,Scizor,Scherox,Cizayox,핫삼,巨钳螳螂,巨鉗螳螂
212.2,メガハッサム,Mega Scizor,null,null,null,null,null
213.1,ツボツボ,Shuckle,Pottrott,Caratroc,단단지,壶壶,壺壺
214.1,ヘラクロス,Heracross,Skaraborn,Scarhino,헤라크로스,赫拉克罗斯,赫拉克羅斯
214.2,メガヘラクロス,Mega Heracross,null,null,null,null,null
215.1,ニューラ,Sneasel,Sniebel,Farfuret,포푸니,狃拉,狃拉
215.2,ヒスイニューラ,Hisuian Sneasel,null,null,null,null,null
216.1,ヒメグマ,Teddiursa,Teddiursa,Teddiursa,깜지곰,熊宝宝,熊寶寶
217.1,リングマ,Ursaring,Ursaring,Ursaring,링곰,圈圈熊,圈圈熊
218.1,マグマッグ,Slugma,Schneckmag,Limagma,마그마그,熔岩虫,熔岩蟲
219.1,マグカルゴ,Magcargo,Magcargo,Volcaropod,마그카르고,熔岩蜗牛,熔岩蝸牛
220.1,ウリムー,Swinub,Quiekel,Marcacrin,꾸꾸리,小山猪,小山豬
221.1,イノムー,Piloswine,Keifel,Cochignon,메꾸리,长毛猪,長毛豬
222.1,サニーゴ,Corsola,Corasonn,Corayon,코산호,太阳珊瑚,太陽珊瑚
222.2,ガラルサニーゴ,Galarian Corsola,null,null,null,null,null
223.1,テッポウオ,Remoraid,Remoraid,Remoraid,총어,铁炮鱼,鐵炮魚
224.1,オクタン,Octillery,Octillery,Octillery,대포무노,章鱼桶,章魚桶
225.1,デリバード,Delibird,Botogel,Cadoizo,딜리버드,信使鸟,信使鳥
226.1,マンタイン,Mantine,Mantax,Demanta,만타인,巨翅飞鱼,巨翅飛魚
227.1,エアームド,Skarmory,Panzaeron,Airmure,무장조,盔甲鸟,盔甲鳥
228.1,デルビル,Houndour,Hunduster,Malosse,델빌,戴鲁比,戴魯比
229.1,ヘルガー,Houndoom,Hundemon,Demolosse,헬가,黑鲁加,黑魯加
229.2,メガヘルガー,Mega Houndoom,null,null,null,null,null
230.1,キングドラ,Kingdra,Seedraking,Hyporoi,킹드라,刺龙王,刺龍王
231.1,ゴマゾウ,Phanpy,Phanpy,Phanpy,코코리,小小象,小小象
232.1,ドンファン,Donphan,Donphan,Donphan,코리갑,顿甲,頓甲
233.1,ポリゴン２,Porygon2,Porygon2,Porygon2,폴리곤2,多边兽2型,多邊獸II
234.1,オドシシ,Stantler,Damhirplex,Cerfrousse,노라키,惊角鹿,驚角鹿
235.1,ドーブル,Smeargle,Farbeagle,Queulorior,루브도,图图犬,圖圖犬
236.1,バルキー,Tyrogue,Rabauz,Debugant,배루키,无畏小子,無畏小子
237.1,カポエラー,Hitmontop,Kapoera,Kapoera,카포에라,战舞郎,戰舞郎
238.1,ムチュール,Smoochum,Kussilla,Lippouti,뽀뽀라,迷唇娃,迷唇娃
239.1,エレキッド,Elekid,Elekid,Elekid,에레키드,电击怪,電擊怪
240.1,ブビィ,Magby,Magby,Magby,마그비,鸭嘴宝宝,鴨嘴寶寶
241.1,ミルタンク,Miltank,Miltank,Ecremeuh,밀탱크,大奶罐,大奶罐
242.1,ハピナス,Blissey,Heiteira,Leuphorie,해피나스,幸福蛋,幸福蛋
243.1,ライコウ,Raikou,Raikou,Raikou,라이코,雷公,雷公
244.1,エンテイ,Entei,Entei,Entei,앤테이,炎帝,炎帝
245.1,スイクン,Suicune,Suicune,Suicune,스이쿤,水君,水君
246.1,ヨーギラス,Larvitar,Larvitar,Embrylex,애버라스,幼基拉斯,幼基拉斯
247.1,サナギラス,Pupitar,Pupitar,Ymphect,데기라스,沙基拉斯,沙基拉斯
248.1,バンギラス,Tyranitar,Despotar,Tyranocif,마기라스,班基拉斯,班基拉斯
248.2,メガバンギラス,Mega Tyranitar,null,null,null,null,null
249.1,ルギア,Lugia,Lugia,Lugia,루기아,洛奇亚,洛奇亞
250.1,ホウオウ,Ho-Oh,Ho-Oh,Ho-Oh,칠색조,凤王,鳳王
251.1,セレビィ,Celebi,Celebi,Celebi,세레비,时拉比,時拉比
252.1,キモリ,Treecko,Geckarbor,Arcko,나무지기,木守宫,木守宮
253.1,ジュプトル,Grovyle,Reptain,Massko,나무돌이,森林蜥蜴,森林蜥蜴
254.1,ジュカイン,Sceptile,Gewaldro,Jungko,나무킹,蜥蜴王,蜥蜴王
254.2,メガジュカイン,Mega Sceptile,null,null,null,null,null
255.1,アチャモ,Torchic,Flemmli,Poussifeu,아차모,火稚鸡,火稚雞
256.1,ワカシャモ,Combusken,Jungglut,Galifeu,영치코,力壮鸡,力壯雞
257.1,バシャーモ,Blaziken,Lohgock,Brasegali,번치코,火焰鸡,火焰雞
257.2,メガバシャーモ,Mega Blaziken,null,null,null,null,null
258.1,ミズゴロウ,Mudkip,Hydropi,Gobou,물짱이,水跃鱼,水躍魚
259.1,ヌマクロー,Marshtomp,Moorabbel,Flobio,늪짱이,沼跃鱼,沼躍魚
260.1,ラグラージ,Swampert,Sumpex,Laggron,대짱이,巨沼怪,巨沼怪
260.2,メガラグラージ,Mega Swampert,null,null,null,null,null
261.1,ポチエナ,Poochyena,Fiffyen,Medhyena,포챠나,土狼犬,土狼犬
262.1,グラエナ,Mightyena,Magnayen,Grahyena,그라에나,大狼犬,大狼犬
263.1,ジグザグマ,Zigzagoon,Zigzachs,Zigzaton,지그제구리,蛇纹熊,蛇紋熊
263.2,ガラルジグザグマ,Galarian Zigzagoon,null,null,null,null,null
264.1,マッスグマ,Linoone,Geradaks,Lineon,직구리,直冲熊,直衝熊
264.2,ガラルマッスグマ,Galarian Linoone,null,null,null,null,null
265.1,ケムッソ,Wurmple,Waumpel,Chenipotte,개무소,刺尾虫,刺尾蟲
266.1,カラサリス,Silcoon,Schaloko,Armulys,실쿤,甲壳茧,甲殼繭
267.1,アゲハント,Beautifly,Papinella,Charmillon,뷰티플라이,狩猎凤蝶,狩獵鳳蝶
268.1,マユルド,Cascoon,Panekon,Blindalys,카스쿤,盾甲茧,盾甲繭
269.1,ドクケイル,Dustox,Pudox,Papinox,독케일,毒粉蛾,毒粉蛾
270.1,ハスボー,Lotad,Loturzel,Nenupiot,연꽃몬,莲叶童子,蓮葉童子
271.1,ハスブレロ,Lombre,Lombrero,Lombre,로토스,莲帽小童,蓮帽小童
272.1,ルンパッパ,Ludicolo,Kappalores,Ludicolo,로파파,乐天河童,樂天河童
273.1,タネボー,Seedot,Samurzel,Grainipiot,도토링,橡实果,橡實果
274.1,コノハナ,Nuzleaf,Blanas,Pifeuil,잎새코,长鼻叶,長鼻葉
275.1,ダーテング,Shiftry,Tengulist,Tengalice,다탱구,狡猾天狗,狡猾天狗
276.1,スバメ,Taillow,Schwalbini,Nirondelle,테일로,傲骨燕,傲骨燕
277.1,オオスバメ,Swellow,Schwalboss,Heledelle,스왈로,大王燕,大王燕
278.1,キャモメ,Wingull,Wingull,Goelise,갈모매,长翅鸥,長翅鷗
279.1,ペリッパー,Pelipper,Pelipper,Bekipan,패리퍼,大嘴鸥,大嘴鷗
280.1,ラルトス,Ralts,Trasla,Tarsal,랄토스,拉鲁拉丝,拉魯拉絲
281.1,キルリア,Kirlia,Kirlia,Kirlia,킬리아,奇鲁莉安,奇魯莉安
282.1,サーナイト,Gardevoir,Guardevoir,Gardevoir,가디안,沙奈朵,沙奈朵
282.2,メガサーナイト,Mega Gardevoir,null,null,null,null,null
283.1,アメタマ,Surskit,Gehweiher,Arakdo,비구술,溜溜糖球,溜溜糖球
284.1,アメモース,Masquerain,Maskeregen,Maskadra,비나방,雨翅蛾,雨翅蛾
285.1,キノココ,Shroomish,Knilz,Balignon,버섯꼬,蘑蘑菇,蘑蘑菇
286.1,キノガッサ,Breloom,Kapilz,Chapignon,버섯모,斗笠菇,斗笠菇
287.1,ナマケロ,Slakoth,Bummelz,Parecool,게을로,懒人獭,懶人獺
288.1,ヤルキモノ,Vigoroth,Muntier,Vigoroth,발바로,过动猿,過動猿
289.1,ケッキング,Slaking,Letarking,Monaflemit,게을킹,请假王,請假王
290.1,ツチニン,Nincada,Nincada,Ningale,토중몬,土居忍士,土居忍士
291.1,テッカニン,Ninjask,Ninjask,Ninjask,아이스크,铁面忍者,鐵面忍者
292.1,ヌケニン,Shedinja,Ninjatom,Munja,껍질몬,脱壳忍者,脫殼忍者
293.1,ゴニョニョ,Whismur,Flurmel,Chuchmur,소곤룡,咕妞妞,咕妞妞
294.1,ドゴーム,Loudred,Krakeelo,Ramboum,노공룡,吼爆弹,吼爆彈
295.1,バクオング,Exploud,Krawumms,Brouhabam,폭음룡,爆音怪,爆音怪
296.1,マクノシタ,Makuhita,Makuhita,Makuhita,마크탕,幕下力士,幕下力士
297.1,ハリテヤマ,Hariyama,Hariyama,Hariyama,하리뭉,铁掌力士,鐵掌力士
298.1,ルリリ,Azurill,Azurill,Azurill,루리리,露力丽,露力麗
299.1,ノズパス,Nosepass,Nasgnet,Tarinor,코코파스,朝北鼻,朝北鼻
300.1,エネコ,Skitty,Eneco,Skitty,에나비,向尾喵,向尾喵
301.1,エネコロロ,Delcatty,Enekoro,Delcatty,델케티,优雅猫,優雅貓
302.1,ヤミラミ,Sableye,Zobiris,Tenefix,깜까미,勾魂眼,勾魂眼
302.2,メガヤミラミ,Mega Sableye,null,null,null,null,null
303.1,クチート,Mawile,Flunkifer,Mysdibule,입치트,大嘴娃,大嘴娃
303.2,メガクチート,Mega Mawile,null,null,null,null,null
304.1,ココドラ,Aron,Stollunior,Galekid,가보리,可可多拉,可可多拉
305.1,コドラ,Lairon,Stollrak,Galegon,갱도라,可多拉,可多拉
306.1,ボスゴドラ,Aggron,Stolloss,Galeking,보스로라,波士可多拉,波士可多拉
306.2,メガボスゴドラ,Mega Aggron,null,null,null,null,null
307.1,アサナン,Meditite,Meditie,Meditikka,요가랑,玛沙那,瑪沙那
308.1,チャーレム,Medicham,Meditalis,Charmina,요가램,恰雷姆,恰雷姆
308.2,メガチャーレム,Mega Medicham,null,null,null,null,null
309.1,ラクライ,Electrike,Frizelbliz,Dynavolt,썬더라이,落雷兽,落雷獸
310.1,ライボルト,Manectric,Voltenso,Elecsprint,썬더볼트,雷电兽,雷電獸
310.2,メガライボルト,Mega Manectric,null,null,null,null,null
311.1,プラスル,Plusle,Plusle,Posipi,플러시,正电拍拍,正電拍拍
312.1,マイナン,Minun,Minun,Negapi,마이농,负电拍拍,負電拍拍
313.1,バルビート,Volbeat,Volbeat,Muciole,볼비트,电萤虫,電螢蟲
314.1,イルミーゼ,Illumise,Illumise,Lumivole,네오비트,甜甜萤,甜甜螢
315.1,ロゼリア,Roselia,Roselia,Roselia,로젤리아,毒蔷薇,毒薔薇
316.1,ゴクリン,Gulpin,Schluppuck,Gloupti,꼴깍몬,溶食兽,溶食獸
317.1,マルノーム,Swalot,Schlukwech,Avaltout,꿀꺽몬,吞食兽,吞食獸
318.1,キバニア,Carvanha,Kanivanha,Carvanha,샤프니아,利牙鱼,利牙魚
319.1,サメハダー,Sharpedo,Tohaido,Sharpedo,샤크니아,巨牙鲨,巨牙鯊
319.2,メガサメハダー,Mega Sharpedo,null,null,null,null,null
320.1,ホエルコ,Wailmer,Wailmer,Wailmer,고래왕자,吼吼鲸,吼吼鯨
321.1,ホエルオー,Wailord,Wailord,Wailord,고래왕,吼鲸王,吼鯨王
322.1,ドンメル,Numel,Camaub,Chamallot,둔타,呆火驼,呆火駝
323.1,バクーダ,Camerupt,Camerupt,Camerupt,폭타,喷火驼,噴火駝
323.2,メガバクーダ,Mega Camerupt,null,null,null,null,null
324.1,コータス,Torkoal,Qurtel,Chartor,코터스,煤炭龟,煤炭龜
325.1,バネブー,Spoink,Spoink,Spoink,피그점프,跳跳猪,跳跳豬
326.1,ブーピッグ,Grumpig,Groink,Groret,피그킹,噗噗猪,噗噗豬
327.1,パッチール,Spinda,Pandir,Spinda,얼루기,晃晃斑,晃晃斑
328.1,ナックラー,Trapinch,Knacklion,Kraknoix,톱치,大颚蚁,大顎蟻
329.1,ビブラーバ,Vibrava,Vibrava,Vibraninf,비브라바,超音波幼虫,超音波幼蟲
330.1,フライゴン,Flygon,Libelldra,Libegon,플라이곤,沙漠蜻蜓,沙漠蜻蜓
331.1,サボネア,Cacnea,Tuska,Cacnea,선인왕,刺球仙人掌,刺球仙人掌
332.1,ノクタス,Cacturne,Noktuska,Cacturne,밤선인,梦歌仙人掌,夢歌仙人掌
333.1,チルット,Swablu,Wablu,Tylton,파비코,青绵鸟,青綿鳥
334.1,チルタリス,Altaria,Altaria,Altaria,파비코리,七夕青鸟,七夕青鳥
334.2,メガチルタリス,Mega Altaria,null,null,null,null,null
335.1,ザングース,Zangoose,Sengo,Mangriff,쟝고,猫鼬斩,貓鼬斬
336.1,ハブネーク,Seviper,Vipitis,Seviper,세비퍼,饭匙蛇,飯匙蛇
337.1,ルナトーン,Lunatone,Lunastein,Seleroc,루나톤,月石,月石
338.1,ソルロック,Solrock,Sonnfel,Solaroc,솔록,太阳岩,太陽岩
339.1,ドジョッチ,Barboach,Schmerbe,Barloche,미꾸리,泥泥鳅,泥泥鰍
340.1,ナマズン,Whiscash,Welsar,Barbicha,메깅,鲶鱼王,鯰魚王
341.1,ヘイガニ,Corphish,Krebscorps,Ecrapince,가재군,龙虾小兵,龍蝦小兵
342.1,シザリガー,Crawdaunt,Krebutack,Colhomard,가재장군,铁螯龙虾,鐵螯龍蝦
343.1,ヤジロン,Baltoy,Puppance,Balbuto,오뚝군,天秤偶,天秤偶
344.1,ネンドール,Claydol,Lepumentas,Kaorine,점토도리,念力土偶,念力土偶
345.1,リリーラ,Lileep,Liliep,Lilia,릴링,触手百合,觸手百合
346.1,ユレイドル,Cradily,Wielie,Vacilys,릴리요,摇篮百合,搖籃百合
347.1,アノプス,Anorith,Anorith,Anorith,아노딥스,太古羽虫,太古羽蟲
348.1,アーマルド,Armaldo,Armaldo,Armaldo,아말도,太古盔甲,太古盔甲
349.1,ヒンバス,Feebas,Barschwa,Barpau,빈티나,丑丑鱼,醜醜魚
350.1,ミロカロス,Milotic,Milotic,Milobellus,밀로틱,美纳斯,美納斯
351.1,ポワルン,Castform,Formeo,Morpheo,캐스퐁,飘浮泡泡,飄浮泡泡
352.1,カクレオン,Kecleon,Kecleon,Kecleon,켈리몬,变隐龙,變隱龍
353.1,カゲボウズ,Shuppet,Shuppet,Polichombr,어둠대신,怨影娃娃,怨影娃娃
354.1,ジュペッタ,Banette,Banette,Branette,다크펫,诅咒娃娃,詛咒娃娃
354.2,メガジュペッタ,Mega Banette,null,null,null,null,null
355.1,ヨマワル,Duskull,Zwirrlicht,Skelenox,해골몽,夜巡灵,夜巡靈
356.1,サマヨール,Dusclops,Zwirrklop,Teraclope,미라몽,彷徨夜灵,彷徨夜靈
357.1,トロピウス,Tropius,Tropius,Tropius,트로피우스,热带龙,熱帶龍
358.1,チリーン,Chimecho,Palimpalim,Eoko,치렁,风铃铃,風鈴鈴
359.1,アブソル,Absol,Absol,Absol,앱솔,阿勃梭鲁,阿勃梭魯
359.2,メガアブソル,Mega Absol,null,null,null,null,null
360.1,ソーナノ,Wynaut,Isso,Okeoke,마자,小果然,小果然
361.1,ユキワラシ,Snorunt,Schneppke,Stalgamin,눈꼬마,雪童子,雪童子
362.1,オニゴーリ,Glalie,Firnontor,Oniglali,얼음귀신,冰鬼护,冰鬼護
362.2,メガオニゴーリ,Mega Glalie,null,null,null,null,null
363.1,タマザラシ,Spheal,Seemops,Obalie,대굴레오,海豹球,海豹球
364.1,トドグラー,Sealeo,Seejong,Phogleur,씨레오,海魔狮,海魔獅
365.1,トドゼルガ,Walrein,Walraisa,Kaimorse,씨카이저,帝牙海狮,帝牙海獅
366.1,パールル,Clamperl,Perlu,Coquiperl,진주몽,珍珠贝,珍珠貝
367.1,ハンテール,Huntail,Aalabyss,Serpang,헌테일,猎斑鱼,獵斑魚
368.1,サクラビス,Gorebyss,Saganabyss,Rosabyss,분홍장이,樱花鱼,櫻花魚
369.1,ジーランス,Relicanth,Relicanth,Relicanth,시라칸,古空棘鱼,古空棘魚
370.1,ラブカス,Luvdisc,Liebiskus,Lovdisc,사랑동이,爱心鱼,愛心魚
371.1,タツベイ,Bagon,Kindwurm,Draby,아공이,宝贝龙,寶貝龍
372.1,コモルー,Shelgon,Draschel,Drackhaus,쉘곤,甲壳龙,甲殼龍
373.1,ボーマンダ,Salamence,Brutalanda,Drattak,보만다,暴飞龙,暴飛龍
373.2,メガボーマンダ,Mega Salamence,null,null,null,null,null
374.1,ダンバル,Beldum,Tanhel,Terhal,메탕,铁哑铃,鐵啞鈴
375.1,メタング,Metang,Metang,Metang,메탕구,金属怪,金屬怪
376.1,メタグロス,Metagross,Metagross,Metalosse,메타그로스,巨金怪,巨金怪
376.2,メガメタグロス,Mega Metagross,null,null,null,null,null
377.1,レジロック,Regirock,Regirock,Regirock,레지락,雷吉洛克,雷吉洛克
378.1,レジアイス,Regice,Regice,Regice,레지아이스,雷吉艾斯,雷吉艾斯
379.1,レジスチル,Registeel,Registeel,Registeel,레지스틸,雷吉斯奇鲁,雷吉斯奇魯
380.1,ラティアス,Latias,Latias,Latias,라티아스,拉帝亚斯,拉帝亞斯
380.2,メガラティアス,Mega Latias,null,null,null,null,null
381.1,ラティオス,Latios,Latios,Latios,라티오스,拉帝欧斯,拉帝歐斯
381.2,メガラティオス,Mega Latios,null,null,null,null,null
382.1,カイオーガ,Kyogre,Kyogre,Kyogre,가이오가,盖欧卡,蓋歐卡
382.2,ゲンシカイオーガ,Primal Kyogre,null,null,null,null,null
383.1,グラードン,Groudon,Groudon,Groudon,그란돈,固拉多,固拉多
383.2,ゲンシグラードン,Primal Groudon,null,null,null,null,null
384.1,レックウザ,Rayquaza,Rayquaza,Rayquaza,레쿠쟈,烈空坐,烈空坐
384.2,メガレックウザ,Mega Rayquaza,null,null,null,null,null
385.1,ジラーチ,Jirachi,Jirachi,Jirachi,지라치,基拉祈,基拉祈
386.1,デオキシスノーマルフォルム,Deoxys Normal Form,null,null,null,null,null
386.2,デオキシスアタックフォルム,Deoxys Attack Form,null,null,null,null,null
386.3,デオキシスディフェンスフォルム,Deoxys Defence Form,null,null,null,null,null
386.4,デオキシススピードフォルム,Deoxys Speed Form,null,null,null,null,null
387.1,ナエトル,Turtwig,Chelast,Tortipouss,모부기,草苗龟,草苗龜
388.1,ハヤシガメ,Grotle,Chelcarain,Boskara,수풀부기,树林龟,樹林龜
389.1,ドダイトス,Torterra,Chelterrar,Torterra,토대부기,土台龟,土台龜
390.1,ヒコザル,Chimchar,Panflam,Ouisticram,불꽃숭이,小火焰猴,小火焰猴
391.1,モウカザル,Monferno,Panpyro,Chimpenfeu,파이숭이,猛火猴,猛火猴
392.1,ゴウカザル,Infernape,Panferno,Simiabraz,초염몽,烈焰猴,烈焰猴
393.1,ポッチャマ,Piplup,Plinfa,Tiplouf,팽도리,波加曼,波加曼
394.1,ポッタイシ,Prinplup,Pliprin,Prinplouf,팽태자,波皇子,波皇子
395.1,エンペルト,Empoleon,Impoleon,Pingoleon,엠페르트,帝王拿波,帝王拿波
396.1,ムックル,Starly,Staralili,Etourmi,찌르꼬,姆克儿,姆克兒
397.1,ムクバード,Staravia,Staravia,Etourvol,찌르버드,姆克鸟,姆克鳥
398.1,ムクホーク,Staraptor,Staraptor,Etouraptor,찌르호크,姆克鹰,姆克鷹
399.1,ビッパ,Bidoof,Bidiza,Keunotor,비버니,大牙狸,大牙狸
400.1,ビーダル,Bibarel,Bidifas,Castorno,비버통,大尾狸,大尾狸
401.1,コロボーシ,Kricketot,Zirpurze,Crikzik,귀뚤뚜기,圆法师,圓法師
402.1,コロトック,Kricketune,Zirpeise,Melokrik,귀뚤톡크,音箱蟀,音箱蟀
403.1,コリンク,Shinx,Sheinux,Lixy,꼬링크,小猫怪,小貓怪
404.1,ルクシオ,Luxio,Luxio,Luxio,럭시오,勒克猫,勒克貓
405.1,レントラー,Luxray,Luxtra,Luxray,렌트라,伦琴猫,倫琴貓
406.1,スボミー,Budew,Knospi,Rozbouton,꼬몽울,含羞苞,含羞苞
407.1,ロズレイド,Roserade,Roserade,Roserade,로즈레이드,罗丝雷朵,羅絲雷朵
408.1,ズガイドス,Cranidos,Koknodon,Kranidos,두개도스,头盖龙,頭蓋龍
409.1,ラムパルド,Rampardos,Rameidon,Charkos,램펄드,战槌龙,戰槌龍
410.1,タテトプス,Shieldon,Schilterus,Dinoclier,방패톱스,盾甲龙,盾甲龍
411.1,トリデプス,Bastiodon,Bollterus,Bastiodon,바리톱스,护城龙,護城龍
412.1,ミノムッチくさきのみの,Burmy Plant Cloak,null,null,null,null,null
413.1,ミノマダムくさきのみの,Wormadam Plant Cloak,null,null,null,null,null
413.2,ミノマダムすなちのみの,Wormadam Sandy Cloak,null,null,null,null,null
413.3,ミノマダムゴミのみの,Wormadam Trash Cloak,null,null,null,null,null
414.1,ガーメイル,Mothim,Moterpel,Papilord,나메일,绅士蛾,紳士蛾
415.1,ミツハニー,Combee,Wadribie,Apitrini,세꿀버리,三蜜蜂,三蜜蜂
416.1,ビークイン,Vespiquen,Honweisel,Apireine,비퀸,蜂女王,蜂女王
417.1,パチリス,Pachirisu,Pachirisu,Pachirisu,파치리스,帕奇利兹,帕奇利茲
418.1,ブイゼル,Buizel,Bamelin,Mustebouee,브이젤,泳圈鼬,泳圈鼬
419.1,フローゼル,Floatzel,Bojelin,Musteflott,플로젤,浮潜鼬,浮潛鼬
420.1,チェリンボ,Cherubi,Kikugi,Ceribou,체리버,樱花宝,櫻花寶
421.1,チェリムポジフォルム,Cherrim Sunshine Form,null,null,null,null,null
422.1,カラナクシにしのうみ,Shellos West-Sea,null,null,null,null,null
423.1,トリトドンにしのうみ,Gastrodon West-Sea,null,null,null,null,null
424.1,エテボース,Ambipom,Ambidiffel,Capidextre,겟핸보숭,双尾怪手,雙尾怪手
425.1,フワンテ,Drifloon,Driftlon,Baudrive,흔들풍손,飘飘球,飄飄球
426.1,フワライド,Drifblim,Drifzepeli,Grodrive,둥실라이드,随风球,隨風球
427.1,ミミロル,Buneary,Haspiror,Laporeille,이어롤,卷卷耳,捲捲耳
428.1,ミミロップ,Lopunny,Schlapor,Lockpin,이어롭,长耳兔,長耳兔
428.2,メガミミロップ,Mega Lopunny,null,null,null,null,null
429.1,ムウマージ,Mismagius,Traunmagil,Magireve,무우마직,梦妖魔,夢妖魔
430.1,ドンカラス,Honchkrow,Kramshef,Corboss,돈크로우,乌鸦头头,烏鴉頭頭
431.1,ニャルマー,Glameow,Charmian,Chaglam,나옹마,魅力喵,魅力喵
432.1,ブニャット,Purugly,Shnurgarst,Chaffreux,몬냥이,东施喵,東施喵
433.1,リーシャン,Chingling,Klingplim,Korillon,랑딸랑,铃铛响,鈴鐺響
434.1,スカンプー,Stunky,Skunkapuh,Moufouette,스컹뿡,臭鼬噗,臭鼬噗
435.1,スカタンク,Skuntank,Skuntank,Moufflair,스컹탱크,坦克臭鼬,坦克臭鼬
436.1,ドーミラー,Bronzor,Bronzel,Archeomire,동미러,铜镜怪,銅鏡怪
437.1,ドータクン,Bronzong,Bronzong,Archeodong,동탁군,青铜钟,青銅鐘
438.1,ウソハチ,Bonsly,Mobai,Manzai,꼬지지,盆才怪,盆才怪
439.1,マネネ,Mime Jr.,Pantimimi,Mime Jr,흉내내,魔尼尼,魔尼尼
440.1,ピンプク,Happiny,Wonneira,Ptiravi,핑복,小福蛋,小福蛋
441.1,ペラップ,Chatot,Plaudagei,Pijako,페라페,聒噪鸟,聒噪鳥
442.1,ミカルゲ,Spiritomb,Kryppuk,Spiritomb,화강돌,花岩怪,花岩怪
443.1,フカマル,Gible,Kaumalat,Griknot,딥상어동,圆陆鲨,圓陸鯊
444.1,ガバイト,Gabite,Knarksel,Carmache,한바이트,尖牙陆鲨,尖牙陸鯊
445.1,ガブリアス,Garchomp,Knakrack,Carchacrok,한카리아스,烈咬陆鲨,烈咬陸鯊
445.2,メガガブリアス,Mega Garchomp,null,null,null,null,null
446.1,ゴンベ,Munchlax,Mampfaxo,Goinfrex,먹고자,小卡比兽,小卡比獸
447.1,リオル,Riolu,Riolu,Riolu,리오르,利欧路,利歐路
448.1,ルカリオ,Lucario,Lucario,Lucario,루카리오,路卡利欧,路卡利歐
448.2,メガルカリオ,Mega Lucario,null,null,null,null,null
449.1,ヒポポタス,Hippopotas,Hippopotas,Hippopotas,히포포타스,沙河马,沙河馬
450.1,カバルドン,Hippowdon,Hippoterus,Hippodocus,하마돈,河马兽,河馬獸
451.1,スコルピ,Skorupi,Pionskora,Rapion,스콜피,钳尾蝎,鉗尾蠍
452.1,ドラピオン,Drapion,Piondragi,Drascore,드래피온,龙王蝎,龍王蠍
453.1,グレッグル,Croagunk,Glibunkel,Cradopaud,삐딱구리,不良蛙,不良蛙
454.1,ドクロッグ,Toxicroak,Toxiquak,Coatox,독개굴,毒骷蛙,毒骷蛙
455.1,マスキッパ,Carnivine,Venuflibis,Vortente,무스틈니,尖牙笼,尖牙籠
456.1,ケイコウオ,Finneon,Finneon,Ecayon,형광어,荧光鱼,螢光魚
457.1,ネオラント,Lumineon,Lumineon,Lumineon,네오라이트,霓虹鱼,霓虹魚
458.1,タマンタ,Mantyke,Mantirps,Babimanta,타만타,小球飞鱼,小球飛魚
459.1,ユキカブリ,Snover,Shnebedeck,Blizzi,눈쓰개,雪笠怪,雪笠怪
460.1,ユキノオー,Abomasnow,Rexblisar,Blizzaroi,눈설왕,暴雪王,暴雪王
460.2,メガユキノオー,Mega Abomasnow,null,null,null,null,null
461.1,マニューラ,Weavile,Snibunna,Dimoret,포푸니라,玛狃拉,瑪狃拉
462.1,ジバコイル,Magnezone,Magnezone,Magnezone,자포코일,自爆磁怪,自爆磁怪
463.1,ベロベルト,Lickilicky,Schlurplek,Coudlangue,내룸벨트,大舌舔,大舌舔
464.1,ドサイドン,Rhyperior,Rihornior,Rhinastoc,거대코뿌리,超甲狂犀,超甲狂犀
465.1,モジャンボ,Tangrowth,Tangoloss,Bouldeneu,덩쿠림보,巨蔓藤,巨蔓藤
466.1,エレキブル,Electivire,Elevoltek,Elekable,에레키블,电击魔兽,電擊魔獸
467.1,ブーバーン,Magmortar,Magbrant,Maganon,마그마번,鸭嘴炎兽,鴨嘴炎獸
468.1,トゲキッス,Togekiss,Togekiss,Togekiss,토게키스,波克基斯,波克基斯
469.1,メガヤンマ,Yanmega,Yanmega,Yanmega,메가자리,远古巨蜓,遠古巨蜓
470.1,リーフィア,Leafeon,Folipurba,Phyllali,리피아,叶伊布,葉伊布
471.1,グレイシア,Glaceon,Glaziola,Givrali,글레이시아,冰伊布,冰伊布
472.1,グライオン,Gliscor,Skorgro,Scorvol,글라이온,天蝎王,天蠍王
473.1,マンムー,Mamoswine,Mamutel,Mammochon,맘모꾸리,象牙猪,象牙豬
474.1,ポリゴンZ,Porygon-Z,Porygon-Z,Porygon-Z,폴리곤Z,多边兽乙型,多邊獸Ｚ
475.1,エルレイド,Gallade,Galagladi,Gallame,엘레이드,艾路雷朵,艾路雷朵
475.2,メガエルレイド,Mega Gallade,null,null,null,null,null
476.1,ダイノーズ,Probopass,Voluminas,Tarinorme,대코파스,大朝北鼻,大朝北鼻
477.1,ヨノワール,Dusknoir,Zwirrfinst,Noctunoir,야느와르몽,黑夜魔灵,黑夜魔靈
478.1,ユキメノコ,Froslass,Frosdedje,Momartik,눈여아,雪妖女,雪妖女
479.1,ロトム,Rotom,Rotom,Motisma,로토무,洛托姆,洛托姆
479.2,ヒートロトム,Heat Rotom,null,null,null,null,null
479.3,ウォッシュロトム,Wash Rotom,null,null,null,null,null
479.4,カットロトム,Mow Rotom,null,null,null,null,null
479.5,フロストロトム,Frost Rotom,null,null,null,null,null
479.6,スピンロトム,Fan Rotom,null,null,null,null,null
480.1,ユクシー,Uxie,Selfe,Crehelf,유크시,由克希,由克希
481.1,エムリット,Mesprit,Vesprit,Crefollet,엠라이트,艾姆利多,艾姆利多
482.1,アグノム,Azelf,Tobutz,Crefadet,아그놈,亚克诺姆,亞克諾姆
483.1,ディアルガ,Dialga,Dialga,Dialga,디아루가,帝牙卢卡,帝牙盧卡
483.2,ディアルガオリジンフォルム,Dialga Origin Form,null,null,null,null,null
484.1,パルキア,Palkia,Palkia,Palkia,펄기아,帕路奇亚,帕路奇亞
484.2,パルキアオリジンフォルム,Palkia Origin Form,null,null,null,null,null
485.1,ヒードラン,Heatran,Heatran,Heatran,히드런,席多蓝恩,席多藍恩
486.1,レジギガス,Regigigas,Regigigas,Regigigas,레지기가스,雷吉奇卡斯,雷吉奇卡斯
487.1,ギラティナアナザーフォルム,Giratina Altered Form,null,null,null,null,null
487.2,ギラティナオリジンフォルム,Giratina Origin Form,null,null,null,null,null
488.1,クレセリア,Cresselia,Cresselia,Cresselia,크레세리아,克雷色利亚,克雷色利亞
489.1,フィオネ,Phione,Phione,Phione,피오네,霏欧纳,霏歐納
490.1,マナフィ,Manaphy,Manaphy,Manaphy,마나피,玛纳霏,瑪納霏
491.1,ダークライ,Darkrai,Darkrai,Darkrai,다크라이,达克莱伊,達克萊伊
492.1,シェイミラインドフォルム,Shaymin Land Form,null,null,null,null,null
492.2,シェイミスカイフォルム,Shaymin Sky Form,null,null,null,null,null
493.1,アルセウス,Arceus,Arceus,Arceus,아르세우스,阿尔宙斯,阿爾宙斯
494.1,ビクティニ,Victini,Victini,Victini,비크티니,比克提尼,比克提尼
495.1,ツタージャ,Snivy,Serpifeu,Vipélierre,주리비얀,藤藤蛇,藤藤蛇
496.1,ジャノビー,Servine,Efoserp,Lianaja,샤비,青藤蛇,青藤蛇
497.1,ジャローダ,Serperior,Serpiroyal,Majaspic,샤로다,君主蛇,君主蛇
498.1,ポカブ,Tepig,Floink,Gruikui,뚜꾸리,暖暖猪,暖暖豬
499.1,チャオブー,Pignite,Ferkokel,Grotichon,챠오꿀,炒炒猪,炒炒豬
500.1,エンブオー,Emboar,Flambirex,Roitiflam,염무왕,炎武王,炎武王
501.1,ミジュマル,Oshawott,Ottaro,Moustillon,수댕이,水水獭,水水獺
502.1,フタチマル,Dewott,Zwottronin,Mateloutre,쌍검자비,双刃丸,雙刃丸
503.1,ダイケンキ,Samurott,Admurai,Clamiral,대검귀,大剑鬼,大劍鬼
503.2,ヒスイダイケンキ,Hisuian Samurott,null,null,null,null,null
504.1,ミネズミ,Patrat,Nagelotz,Ratentif,보르쥐,探探鼠,探探鼠
505.1,ミルホッグ,Watchog,Kukmarda,Miradar,보르그,步哨鼠,步哨鼠
506.1,ヨーテリー,Lillipup,Yorkleff,Ponchiot,요테리,小约克,小約克
507.1,ハーデリア,Herdier,Terribark,Ponchien,하데리어,哈约克,哈約克
508.1,ムーランド,Stoutland,Bissbark,Mastouffe,바랜드,长毛狗,長毛狗
509.1,チョロネコ,Purrloin,Felilou,Chacripan,쌔비냥,扒手猫,扒手貓
510.1,レパルダス,Liepard,Kleoparda,Léopardas,레파르다스,酷豹,酷豹
511.1,ヤナップ,Pansage,Vegimak,Feuillajou,야나프,花椰猴,花椰猴
512.1,ヤナッキー,Simisage,Vegichita,Feuiloutan,야나키,花椰猿,花椰猿
513.1,バオップ,Pansear,Grillmak,Flamajou,바오프,爆香猴,爆香猴
514.1,バオッキー,Simisear,Grillchita,Flamoutan,바오키,爆香猿,爆香猿
515.1,ヒヤップ,Panpour,Sodamak,Flotajou,앗차프,冷水猴,冷水猴
516.1,ヒヤッキー,Simipour,Sodachita,Flotoutan,앗차키,冷水猿,冷水猿
517.1,ムンナ,Munna,Somniam,Munna,몽나,食梦梦,食夢夢
518.1,ムシャーナ,Musharna,Somnivora,Mushana,몽얌나,梦梦蚀,夢夢蝕
519.1,マメパト,Pidove,Dusselgurr,Poichigeon,콩둘기,豆豆鸽,豆豆鴿
520.1,ハトーボー,Tranquill,Navitaub,Colombeau,유토브,咕咕鸽,咕咕鴿
521.1,ケンホロウ,Unfezant,Fasasnob,Déflaisan,켄호로우,高傲雉鸡,高傲雉雞
522.1,シママ,Blitzle,Elezeba,Zébribon,줄뮤마,斑斑马,斑斑馬
523.1,ゼブライカ,Zebstrika,Zebritz,Zéblitz,제브라이카,雷电斑马,雷電斑馬
524.1,ダンゴロ,Roggenrola,Kiesling,Nodulithe,단굴,石丸子,石丸子
525.1,ガントル,Boldore,Sedimantur,Géolithe,암트르,地幔岩,地幔岩
526.1,ギガイアス,Gigalith,Brockoloss,Gigalithe,기가이어스,庞岩怪,龐岩怪
527.1,コロモリ,Woobat,Fleknoil,Chovsourir,또르박쥐,滚滚蝙蝠,滾滾蝙蝠
528.1,ココロモリ,Swoobat,Fletiamo,Rhinolove,맘박쥐,心蝙蝠,心蝙蝠
529.1,モグリュー,Drilbur,Rotomurf,Rototaupe,두더류,螺钉地鼠,螺釘地鼠
530.1,ドリュウズ,Excadrill,Stalobor,Minotaupe,몰드류,龙头地鼠,龍頭地鼠
531.1,タブンネ,Audino,Ohrdoch,Nanméouïe,다부니,差不多娃娃,差不多娃娃
531.2,メガタブンネ,Mega Audino,null,null,null,null,null
532.1,ドッコラー,Timburr,Praktibalk,Charpenti,으랏차,搬运小匠,搬運小匠
533.1,ドテッコツ,Gurdurr,Strepoli,Ouvrifier,토쇠골,铁骨土人,鐵骨土人
534.1,ローブシン,Conkeldurr,Meistagrif,Bétochef,노보청,修建老匠,修建老匠
535.1,オタマロ,Tympole,Schallquap,Tritonde,동챙이,圆蝌蚪,圓蝌蚪
536.1,ガマガル,Palpitoad,Mebrana,Batracné,두까비,蓝蟾蜍,藍蟾蜍
537.1,ガマゲロゲ,Seismitoad,Branawarz,Crapustule,두빅굴,蟾蜍王,蟾蜍王
538.1,ナゲキ,Throh,Jiutesto,Judokrak,던지미,投摔鬼,投摔鬼
539.1,ダゲキ,Sawk,Karadonis,Karaclée,타격귀,打击鬼,打擊鬼
540.1,クルミル,Sewaddle,Strawickl,Larveyette,두르보,虫宝包,蟲寶包
541.1,クルマユ,Swadloon,Folikon,Couverdure,두르쿤,宝包茧,寶包繭
542.1,ハハコモリ,Leavanny,Matrifol,Manternel,모아머,保姆虫,保母蟲
543.1,フシデ,Venipede,Toxiped,Venipatte,마디네,百足蜈蚣,百足蜈蚣
544.1,ホイーガ,Whirlipede,Rollum,Scobolide,휠구,车轮球,車輪毬
545.1,ペンドラー,Scolipede,Cerapendra,Brutapode,펜드라,蜈蚣王,蜈蚣王
546.1,モンメン,Cottonee,Waumboll,Doudouvet,소미안,木棉球,木棉球
547.1,エルフーン,Whimsicott,Elfun,Farfaduvet,엘풍,风妖精,風妖精
548.1,チュリネ,Petilil,Lilminip,Chlorobule,치릴리,百合根娃娃,百合根娃娃
549.1,ドレディア,Lilligant,Dressella,Fragilady,드레디어,裙儿小姐,裙兒小姐
549.2,ヒスイドレディア,Hisuian Lilligant,null,null,null,null,null
550.1,バスラオ,Basculin,Barschuft,Bargantua,배쓰나이,野蛮鲈鱼,野蠻鱸魚
550.2,バスラオ,Basculin,Barschuft,Bargantua,배쓰나이,野蛮鲈鱼,野蠻鱸魚
550.3,バスラオ,Basculin,Barschuft,Bargantua,배쓰나이,野蛮鲈鱼,野蠻鱸魚
551.1,メグロコ,Sandile,Ganovil,Mascaïman,깜눈크,黑眼鳄,黑眼鱷
552.1,ワルビル,Krokorok,Rokkaiman,Escroco,악비르,混混鳄,混混鱷
553.1,ワルビアル,Krookodile,Rabigator,Crocorible,악비아르,流氓鳄,流氓鱷
554.1,ダルマッカ,Darumaka,Flampion,Darumarond,달막화,火红不倒翁,火紅不倒翁
554.2,ガラルダルマッカ,Galarian Darumaka,null,null,null,null,null
555.1,ヒヒダルマ,Darmanitan,Flampivian,Darumacho,불비달마,达摩狒狒,達摩狒狒
555.2,ヒヒダルマダルマモード,Darmanitan Zen Mode,null,null,null,null,null
555.3,ガラルヒヒダルマ,Galarian Darmanitan,null,null,null,null,null
555.4,ガラルヒヒダルマ,Galarian Darmanitan,null,null,null,null,null
556.1,マラカッチ,Maractus,Maracamba,Maracachi,마라카치,沙铃仙人掌,沙鈴仙人掌
557.1,イシズマイ,Dwebble,Lithomith,Crabicoque,돌살이,石居蟹,石居蟹
558.1,イワパレス,Crustle,Castellith,Crabaraque,암팰리스,岩殿居蟹,岩殿居蟹
559.1,ズルッグ,Scraggy,Zurrokex,Baggiguane,곤율랭,滑滑小子,滑滑小子
560.1,ズルズキン,Scrafty,Irokex,Baggaïd,곤율거니,头巾混混,頭巾混混
561.1,シンボラー,Sigilyph,Symvolara,Cryptéro,심보러,象征鸟,象徵鳥
562.1,デスマス,Yamask,Makabaja,Tutafeh,데스마스,哭哭面具,哭哭面具
562.2,ガラルデスマス,Galarian Yamask,null,null,null,null,null
563.1,デスカーン,Cofagrigus,Echnatoll,Tutankafer,데스니칸,迭失棺,死神棺
564.1,プロトーガ,Tirtouga,Galapaflos,Carapagos,프로토가,原盖海龟,原蓋海龜
565.1,アバゴーラ,Carracosta,Karippas,Mégapagos,늑골라,肋骨海龟,肋骨海龜
566.1,アーケン,Archen,Flapteryx,Arkéapti,아켄,始祖小鸟,始祖小鳥
567.1,アーケオス,Archeops,Aeropteryx,Aéroptéryx,아케오스,始祖大鸟,始祖大鳥
568.1,ヤブクロン,Trubbish,Unratütox,Miamiasme,깨봉이,破破袋,破破袋
569.1,ダストダス,Garbodor,Deponitox,Miasmax,더스트나,灰尘山,灰塵山
570.1,ゾロア,Zorua,Zorua,Zorua,조로아,索罗亚,索羅亞
570.2,ヒスイゾロア,Hisuian Zorua,null,null,null,null,null
571.1,ゾロアーク,Zoroark,Zoroark,Zoroark,조로아크,索罗亚克,索羅亞克
571.2,ヒスイゾロアーク,Hisuian Zoroark,null,null,null,null,null
572.1,チラーミィ,Minccino,Picochilla,Chinchidou,치라미,泡沫栗鼠,泡沫栗鼠
573.1,チラチーノ,Cinccino,Chillabell,Pashmilla,치라치노,奇诺栗鼠,奇諾栗鼠
574.1,ゴチム,Gothita,Mollimorba,Scrutella,고디탱,哥德宝宝,哥德寶寶
575.1,ゴチミル,Gothorita,Hypnomorba,Mesmérella,고디보미,哥德小童,哥德小童
576.1,ゴチルゼル,Gothitelle,Morbitesse,Sidérella,고디모아젤,哥德小姐,哥德小姐
577.1,ユニラン,Solosis,Monozyto,Nucléos,유니란,单卵细胞球,單卵細胞球
578.1,ダブラン,Duosion,Mitodos,Méios,듀란,双卵细胞球,雙卵細胞球
579.1,ランクルス,Reuniclus,Zytomega,Symbios,란쿨루스,人造细胞卵,人造細胞卵
580.1,コアルヒー,Ducklett,Piccolente,Couaneton,꼬지보리,鸭宝宝,鴨寶寶
581.1,スワンナ,Swanna,Swaroness,Lakmécygne,스완나,舞天鹅,舞天鵝
582.1,バニプッチ,Vanillite,Gelatini,Sorbébé,바닐프티,迷你冰,迷你冰
583.1,バニリッチ,Vanillish,Gelatroppo,Sorboul,바닐리치,多多冰,多多冰
584.1,バイバニラ,Vanilluxe,Gelatwino,Sorbouboul,배바닐라,双倍多多冰,雙倍多多冰
585.1,シキジカはるのすがた,Deerling Spring Form,null,null,null,null,null
586.1,メブキジカはるのすがた,Sawsbuck Spring Form,null,null,null,null,null
587.1,エモンガ,Emolga,Emolga,Emolga,에몽가,电飞鼠,電飛鼠
588.1,カブルモ,Karrablast,Laukaps,Carabing,딱정곤,盖盖虫,蓋蓋蟲
589.1,シュバルゴ,Escavalier,Cavalanzas,Lançargot,슈바르고,骑士蜗牛,騎士蝸牛
590.1,タマゲタケ,Foongus,Tarnpignon,Trompignon,깜놀버슬,哎呀球菇,哎呀球菇
591.1,モロバレル,Amoonguss,Hutsassa,Gaulet,뽀록나,败露球菇,敗露球菇
592.1,プルリル,Frillish,Quabbel,Viskuse,탱그릴,轻飘飘,輕飄飄
593.1,ブルンゲル,Jellicent,Apoquallyp,Moyade,탱탱겔,胖嘟嘟,胖嘟嘟
594.1,ママンボウ,Alomomola,Mamolida,Mamanbo,맘복치,保姆曼波,保母曼波
595.1,バチュル,Joltik,Wattzapf,Statitik,피쪼옥,电电虫,電電蟲
596.1,デンチュラ,Galvantula,Voltula,Mygavolt,전툴라,电蜘蛛,電蜘蛛
597.1,テッシード,Ferroseed,Kastadur,Grindur,철시드,种子铁球,種子鐵球
598.1,ナットレイ,Ferrothorn,Tentantel,Noacier,너트령,坚果哑铃,堅果啞鈴
599.1,ギアル,Klink,Klikk,Tic,기어르,齿轮儿,齒輪兒
600.1,ギギアル,Klang,Kliklak,Clic,기기어르,齿轮组,齒輪組
601.1,ギギギアル,Klinklang,Klikdiklak,Cliticlic,기기기어르,齿轮怪,齒輪怪
602.1,シビシラス,Tynamo,Zapplardin,Anchwatt,저리어,麻麻小鱼,麻麻小魚
603.1,シビビール,Eelektrik,Zapplalek,Lampéroie,저리릴,麻麻鳗,麻麻鰻
604.1,シビルドン,Eelektross,Zapplarang,Ohmassacre,저리더프,麻麻鳗鱼王,麻麻鰻魚王
605.1,リグレー,Elgyem,Pygraulon,Lewsor,리그레,小灰怪,小灰怪
606.1,オーベム,Beheeyem,Megalon,Neitram,벰크,大宇怪,大宇怪
607.1,ヒトモシ,Litwick,Lichtel,Funécire,불켜미,烛光灵,燭光靈
608.1,ランプラー,Lampent,Laternecto,Mélancolux,램프라,灯火幽灵,燈火幽靈
609.1,シャンデラ,Chandelure,Skelabra,Lugulabre,샹델라,水晶灯火灵,水晶燈火靈
610.1,キバゴ,Axew,Milza,Coupenotte,터검니,牙牙,牙牙
611.1,オノンド,Fraxure,Sharfax,Incisache,액슨도,斧牙龙,斧牙龍
612.1,オノノクス,Haxorus,Maxax,Tranchodon,액스라이즈,双斧战龙,雙斧戰龍
613.1,クマシュン,Cubchoo,Petznief,Polarhume,코고미,喷嚏熊,噴嚏熊
614.1,ツンベアー,Beartic,Siberio,Polagriffe,툰베어,冻原熊,凍原熊
615.1,フリージオ,Cryogonal,Frigometri,Hexagel,프리지오,几何雪花,幾何雪花
616.1,チョボマキ,Shelmet,Schnuthelm,Escargaume,쪼마리,小嘴蜗,小嘴蝸
617.1,アギルダー,Accelgor,Hydragil,Limaspeed,어지리더,敏捷虫,敏捷蟲
618.1,マッギョ,Stunfisk,Flunschlik,Limonde,메더,泥巴鱼,泥巴魚
618.2,ガラルマッギョ,Galarian Stunfisk,null,null,null,null,null
619.1,コジョフー,Mienfoo,Lin-Fu,Kungfouine,비조푸,功夫鼬,功夫鼬
620.1,コジョンド,Mienshao,Wie-Shu,Shaofouine,비조도,师父鼬,師父鼬
621.1,クリムガン,Druddigon,Shardrago,Drakkarmin,크리만,赤面龙,赤面龍
622.1,ゴビット,Golett,Golbit,Gringolem,골비람,泥偶小人,泥偶小人
623.1,ゴルーグ,Golurk,Golgantes,Golemastoc,골루그,泥偶巨人,泥偶巨人
624.1,コマタナ,Pawniard,Gladiantri,Scalpion,자망칼,驹刀小兵,駒刀小兵
625.1,キリキザン,Bisharp,Caesurio,Scalproie,절각참,劈斩司令,劈斬司令
626.1,バッフロン,Bouffalant,Bisofank,Frison,버프론,爆炸头水牛,爆炸頭水牛
627.1,ワシボン,Rufflet,Geronimatz,Furaiglon,수리둥보,毛头小鹰,毛頭小鷹
628.1,ウォーグル,Braviary,Washakwil,Gueriaigle,워글,勇士雄鹰,勇士雄鷹
628.2,ヒスイウォーグル,Hisuian Braviary,null,null,null,null,null
629.1,バルチャイ,Vullaby,Skallyk,Vostourno,벌차이,秃鹰丫头,禿鷹丫頭
630.1,バルジーナ,Mandibuzz,Grypheldis,Vaututrice,버랜지나,秃鹰娜,禿鷹娜
631.1,クイタラン,Heatmor,Furnifraß,Aflamanoir,앤티골,熔蚁兽,熔蟻獸
632.1,アイアント,Durant,Fermicula,Fermite,아이앤트,铁蚁,鐵蟻
633.1,モノズ,Deino,Kapuno,Solochi,모노두,单首龙,單首龍
634.1,ジヘッド,Zweilous,Duodino,Diamat,디헤드,双首暴龙,雙首暴龍
635.1,サザンドラ,Hydreigon,Trikephalo,Trioxhydre,삼삼드래,三首恶龙,三首惡龍
636.1,メラルバ,Larvesta,Ignivor,Pyronille,활화르바,燃烧虫,燃燒蟲
637.1,ウルガモス,Volcarona,Ramoth,Pyrax,불카모스,火神蛾,火神蛾
638.1,コバルオン,Cobalion,Kobalium,Cobaltium,코바르온,勾帕路翁,勾帕路翁
639.1,テラキオン,Terrakion,Terrakium,Terrakium,테라키온,代拉基翁,代拉基翁
640.1,ビリジオン,Virizion,Viridium,Viridium,비리디온,毕力吉翁,畢力吉翁
641.1,トルネロスけしんフォルム,Tornadus Incarnate Form,null,null,null,null,null
641.2,トルネロスれいじゅうフォルム,Tornadus Therian Form,null,null,null,null,null
642.1,ボルトロスけしんフォルム,Thundurus Incarnate Form,null,null,null,null,null
642.2,ボルトロスれいじゅうフォルム,Thundurus Therian Form,null,null,null,null,null
643.1,レシラム,Reshiram,Reshiram,Reshiram,레시라무,莱希拉姆,萊希拉姆
644.1,ゼクロム,Zekrom,Zekrom,Zekrom,제크로무,捷克罗姆,捷克羅姆
645.1,ランドロスけしんフォルム,Landorus Incarnate Form,null,null,null,null,null
645.2,ランドロスれいじゅうフォルム,Landorus Therian Form,null,null,null,null,null
646.1,キュレム,Kyurem,Kyurem,Kyurem,큐레무,酋雷姆,酋雷姆
646.2,ホワイトキュレム,White Kyurem,null,null,null,null,null
646.3,ブラックキュレム,Black Kyurem,null,null,null,null,null
647.1,ケルディオいつものすがた,Keldeo Ordinary Form,null,null,null,null,null
647.2,ケルディオかくごのすがた,Keldeo Resolute Form,null,null,null,null,null
648.1,メロエッタボイスフォルム,Meloetta Voice Form,null,null,null,null,null
648.2,メロエッタステップフォルム,Meloetta Step Form,null,null,null,null,null
649.1,ゲノセクト,Genesect,Genesect,Genesect,게노세크트,盖诺赛克特,蓋諾賽克特
650.1,ハリマロン,Chespin,Igamaro,Marisson,도치마론,哈力栗,哈力栗
651.1,ハリボーグ,Quilladin,Igastarnish,Boguérisse,도치보구,胖胖哈力,胖胖哈力
652.1,ブリガロン,Chesnaught,Brigaron,Blindépique,브리가론,布里卡隆,布里卡隆
653.1,フォッコ,Fennekin,Fynx,Feunnec,푸호꼬,火狐狸,火狐狸
654.1,テールナー,Braixen,Rutena,Roussil,테르나,长尾火狐,長尾火狐
655.1,マフォクシー,Delphox,Fennexis,Goupelin,마폭시,妖火红狐,妖火紅狐
656.1,ケロマツ,Froakie,Froxy,Grenousse,개구마르,呱呱泡蛙,呱呱泡蛙
657.1,ゲコガシラ,Frogadier,Amphizel,Croâporal,개굴반장,呱头蛙,呱頭蛙
658.1,ゲッコウガ,Greninja,Quajutsu,Amphinobi,개굴닌자,甲贺忍蛙,甲賀忍蛙
658.2,サトシゲッコウガ,Ash-Greninja,null,null,null,null,null
659.1,ホルビー,Bunnelby,Sapereau,Sapereau,파르빗,掘掘兔,掘掘兔
660.1,ホルード,Diggersby,Grebbit,Excavarenne,파르토,掘地兔,掘地兔
661.1,ヤヤコマ,Fletchling,Dartiri,Passerouge,화살꼬빈,小箭雀,小箭雀
662.1,ヒノヤコマ,Fletchinder,Dartignis,Braisillon,불화살빈,火箭雀,火箭雀
663.1,ファイアロー,Talonflame,Fiaro,Flambusard,파이어로,烈箭鹰,烈箭鷹
664.1,コフキムシ,Scatterbug,Purmel,Lépidonille,분이벌레,粉蝶虫,粉蝶蟲
665.1,コフーライ,Spewpa,Puponcho,Pérégrain,분떠도리,粉蝶蛹,粉蝶蛹
666.1,ビビヨン,Vivillon,Vivillon,Prismillon,비비용,彩粉蝶,彩粉蝶
667.1,シシコ,Litleo,Leufeo,Hélionceau,레오꼬,小狮狮,小獅獅
668.1,カエンジシ,Pyroar,Pyroleo,Némélios,화염레오,火炎狮,火炎獅
669.1,フラベベ,Flabebe,null,null,null,null,null
670.1,フラエッテ,Floette,Floette,Floette,플라엣테,花叶蒂,花葉蒂
671.1,フラージェス,Florges,Florges,Florges,플라제스,花洁夫人,花潔夫人
672.1,メェークル,Skiddo,Mähikel,Cabriolaine,메이클,坐骑小羊,坐騎小羊
673.1,ゴーゴート,Gogoat,Chevrumm,Chevroum,고고트,坐骑山羊,坐騎山羊
674.1,ヤンチャム,Pancham,Pam-Pam,Pandespiègle,판짱,顽皮熊猫,頑皮熊貓
675.1,ゴロンダ,Pangoro,Pandagro,Pandarbare,부란다,霸道熊猫,流氓熊貓
676.1,トリミアン,Furfrou,Coiffwaff,Couafarel,트리미앙,多丽米亚,多麗米亞
677.1,ニャスパー,Espurr,Psiau,Psystigri,냐스퍼,妙喵,妙喵
678.1,ニャオニクス,Meowstic,Psiaugon,Mistigrix,냐오닉스,超能妙喵,超能妙喵
678.2,ニャオニクス,Meowstic,Psiaugon,Mistigrix,냐오닉스,超能妙喵,超能妙喵
679.1,ヒトツキ,Honedge,Gramokles,Monorpale,단칼빙,独剑鞘,獨劍鞘
680.1,ニダンギル,Doublade,Duokles,Dimoclès,쌍검킬,双剑鞘,雙劍鞘
681.1,ギルガルドシールドフォルム,Aegislash Shield Form,null,null,null,null,null
681.2,ギルガルドブレードフォルム,Aegislash Blade Form,null,null,null,null,null
682.1,シュシュプ,Spritzee,Parfi,Fluvetin,슈쁘,粉香香,粉香香
683.1,フレフワン,Aromatisse,Parfinesse,Cocotine,프레프티르,芳香精,芳香精
684.1,ペロッパフ,Swirlix,Flauschling,Sucroquin,나룸퍼프,绵绵泡芙,綿綿泡芙
685.1,ペロリーム,Slurpuff,Sabbaione,Cupcanaille,나루림,胖甜妮,胖甜妮
686.1,マーイーカ,Inkay,Iscalar,Sepiatop,오케이징,好啦鱿,好啦魷
687.1,カラマネロ,Malamar,Calamanero,Sepiatroce,칼라마네로,乌贼王,烏賊王
688.1,カメテテ,Binacle,Bithora,Opermine,거북손손,龟脚脚,龜腳腳
689.1,ガメノデス,Barbaracle,Thanathora,Golgopathe,거북손데스,龟足巨铠,龜足巨鎧
690.1,クズモー,Skrelp,Algitt,Venalgue,수레기,垃垃藻,垃垃藻
691.1,ドラミドロ,Dragalge,Tandrak,Kravarech,드래캄,毒藻龙,毒藻龍
692.1,ウデッポウ,Clauncher,Scampisto,Flingouste,완철포,铁臂枪虾,鐵臂槍蝦
693.1,ブロスター,Clawitzer,Wummer,Gamblast,블로스터,钢炮臂虾,鋼炮臂蝦
694.1,エリキテル,Helioptile,Eguana,Galvaran,목도리키텔,伞电蜥,傘電蜥
695.1,エレザード,Heliolisk,Elezard,Iguolta,일레도리자드,光电伞蜥,光電傘蜥
696.1,チゴラス,Tyrunt,Balgoras,Ptyranidur,티고라스,宝宝暴龙,寶寶暴龍
697.1,ガチゴラス,Tyrantrum,Monargoras,Rexillius,견고라스,怪颚龙,怪顎龍
698.1,アマルス,Amaura,Amarino,Amagara,아마루스,冰雪龙,冰雪龍
699.1,アマルルガ,Aurorus,Amagarga,Dragmara,아마루르가,冰雪巨龙,冰雪巨龍
700.1,ニンフィア,Sylveon,Feelinara,Nymphali,님피아,仙子伊布,仙子伊布
701.1,ルチャブル,Hawlucha,Resladero,Brutalibré,루차불,摔角鹰人,摔角鷹人
702.1,デデンネ,Dedenne,Dedenne,Dedenne,데덴네,咚咚鼠,咚咚鼠
703.1,メレシー,Carbink,Rocara,Strassie,멜리시,小碎钻,小碎鑽
704.1,ヌメラ,Goomy,Viscora,Mucuscule,미끄메라,黏黏宝,黏黏寶
705.1,ヌメイル,Sliggoo,Viscargot,Colimucus,미끄네일,黏美儿,黏美兒
705.2,ヒスイヌメイル,Hisuian Sliggoo,null,null,null,null,null
706.1,ヌメルゴン,Goodra,Viscogon,Muplodocus,미끄래곤,黏美龙,黏美龍
706.2,ヒスイヌメルゴン,Hisuian Goodra,null,null,null,null,null
707.1,クレッフィ,Klefki,Clavion,Trousselin,클레피,钥圈儿,鑰圈兒
708.1,ボクレー,Phantump,Paragoni,Brocélôme,나목령,小木灵,小木靈
709.1,オーロット,Trevenant,Trombork,Desséliande,대로트,朽木妖,朽木妖
710.1,バケッチャ,Pumpkaboo,Irrbis,Pitrouille,호바귀,南瓜精,南瓜精
710.2,バケッチャ,Pumpkaboo,Irrbis,Pitrouille,호바귀,南瓜精,南瓜精
710.3,バケッチャ,Pumpkaboo,Irrbis,Pitrouille,호바귀,南瓜精,南瓜精
710.4,バケッチャ,Pumpkaboo,Irrbis,Pitrouille,호바귀,南瓜精,南瓜精
711.1,パンプジン,Gourgeist,Pumpdjinn,Banshitrouye,펌킨인,南瓜怪人,南瓜怪人
711.2,パンプジン,Gourgeist,Pumpdjinn,Banshitrouye,펌킨인,南瓜怪人,南瓜怪人
711.3,パンプジン,Gourgeist,Pumpdjinn,Banshitrouye,펌킨인,南瓜怪人,南瓜怪人
711.4,パンプジン,Gourgeist,Pumpdjinn,Banshitrouye,펌킨인,南瓜怪人,南瓜怪人
712.1,カチコール,Bergmite,Arktip,Grelaçon,꽁어름,冰宝,冰寶
713.1,クレベース,Avalugg,Arktilas,Séracrawl,크레베이스,冰岩怪,冰岩怪
713.2,ヒスイクレベース,Hisuian Avalugg,null,null,null,null,null
714.1,オンバット,Noibat,eF-eM,Sonistrelle,음뱃,嗡蝠,嗡蝠
715.1,オンバーン,Noivern,UHaFnir,Bruyverne,음번,音波龙,音波龍
716.1,ゼルネアスアクティブモード,Xerneas Active Mode,null,null,null,null,null
717.1,イベルタル,Yveltal,Yveltal,Yveltal,이벨타르,伊裴尔塔尔,伊裴爾塔爾
718.1,ジガルデ50%フォルム,Zygarde 50% Form,null,null,null,null,null
718.2,ジガルデ10%フォルム,Zygarde 10% Form,null,null,null,null,null
718.3,ジガルデパーフェクトフォルム,Zygarde Perfect Form,null,null,null,null,null
719.1,ディアンシー,Diancie,Diancie,Diancie,디안시,蒂安希,蒂安希
719.2,メガディアンシー,Mega Diancie,null,null,null,null,null
720.1,フーパいましめられしすがた,Hoopa Confined Form,null,null,null,null,null
720.2,フーパときはなたれしすがた,Hoopa Unbound Form,null,null,null,null,null
721.1,ボルケニオン,Volcanion,Volcanion,Volcanion,볼케니온,波尔凯尼恩,波爾凱尼恩
722.1,モクロー,Rowlet,Bauz,Brindibou,나몰빼미,木木枭,木木梟
723.1,フクスロー,Dartrix,Arboretoss,Efflèche,빼미스로우,投羽枭,投羽梟
724.1,ジュナイパー,Decidueye,Silvarro,Archéduc,모크나이퍼,狙射树枭,狙射樹梟
724.2,ヒスイジュナイパー,Hisuian Decidueye,null,null,null,null,null
725.1,ニャビー,Litten,Flamiau,Flamiaou,냐오불,火斑喵,火斑喵
726.1,ニャヒート,Torracat,Miezunder,Matoufeu,냐오히트,炎热喵,炎熱喵
727.1,ガオガエン,Incineroar,Fuegro,Félinferno,어흥염,炽焰咆哮虎,熾焰咆哮虎
728.1,アシマリ,Popplio,Robball,Otaquin,누리공,球球海狮,球球海獅
729.1,オシャマリ,Brionne,Marikeck,Otarlette,키요공,花漾海狮,花漾海獅
730.1,アシレーヌ,Primarina,Primarene,Oratoria,누리레느,西狮海壬,西獅海壬
731.1,ツツケラ,Pikipek,Peppeck,Picassaut,콕코구리,小笃儿,小篤兒
732.1,ケララッパ,Trumbeak,Trompeck,Piclairon,크라파,喇叭啄鸟,喇叭啄鳥
733.1,ドデカバシ,Toucannon,Tukanon,Bazoucan,왕큰부리,铳嘴大鸟,銃嘴大鳥
734.1,ヤングース,Yungoos,Mangunior,Manglouton,영구스,猫鼬少,貓鼬少
735.1,デカグース,Gumshoos,Manguspektor,Argouste,형사구스,猫鼬探长,貓鼬探長
736.1,アゴジムシ,Grubbin,Mabula,Larvibule,턱지충이,强颚鸡母虫,強顎雞母蟲
737.1,デンヂムジ,Charjabug,Akkup,Chrysapile,전지충이,虫电宝,蟲電寶
738.1,クワガノン,Vikavolt,Donarion,Lucanon,투구뿌논,锹农炮虫,鍬農炮蟲
739.1,マケンカニ,Crabrawler,Krabbox,Crabagarre,오기지게,好胜蟹,好勝蟹
740.1,ケケンカニ,Crabominable,Krawell,Crabominable,모단단게,好胜毛蟹,好勝毛蟹
741.1,オドリドリめらめらスタイル,Oricorio Baile Style,null,null,null,null,null
741.2,オドリドリぱちぱちスタイル,Oricorio Pom-Pom Style,null,null,null,null,null
741.3,オドリドリふらふらスタイル,Oricorio Pa'u Style,null,null,null,null,null
741.4,オドリドリまいまいスタイル,Oricorio Sensu Style,null,null,null,null,null
742.1,アブリー,Cutiefly,Wommel,Bombydou,에블리,萌虻,萌虻
743.1,アブリボン,Ribombee,Bandelby,Rubombelle,에리본,蝶结萌虻,蝶結萌虻
744.1,イワンコ,Rockruff,Wuffels,Rocabot,암멍이,岩狗狗,岩狗狗
745.1,ルガルガンまひるのすがた,Lycanroc Regular Form,null,null,null,null,null
745.2,ルガルガンまよなかのすがた,Lycanroc Midnight Form,null,null,null,null,null
745.3,ルガルガンたそがれのすがた,Lycanroc Dusk Form,null,null,null,null,null
746.1,ヨワシたんどくのすがた,Wishiwashi Solo Form,null,null,null,null,null
746.2,ヨワシむれたすがた,Wishiwashi School Form,null,null,null,null,null
747.1,ヒドイデ,Mareanie,Garstella,Vorastérie,시마사리,好坏星,好壞星
748.1,ドヒドイデ,Toxapex,Aggrostella,Prédastérie,더시마사리,超坏星,超壞星
749.1,ドロバンコ,Mudbray,Pampuli,Tiboudet,머드나기,泥驴仔,泥驢仔
750.1,バンバドロ,Mudsdale,Pampross,Bourrinos,만마드,重泥挽马,重泥挽馬
751.1,シズクモ,Dewpider,Araqua,Araqua,물거미,滴蛛,滴蛛
752.1,オニシズクモ,Araquanid,Aranestro,Tarenbulle,깨비물거미,滴蛛霸,滴蛛霸
753.1,カリキリ,Fomantis,Imantis,Mimantis,짜랑랑,伪螳草,偽螳草
754.1,ラランテス,Lurantis,Mantidea,Floramantis,라란티스,兰螳花,蘭螳花
755.1,ネマシュ,Morelull,Bubungus,Spododo,자마슈,睡睡菇,睡睡菇
756.1,マシェード,Shiinotic,Lamellux,Lampignon,마셰이드,灯罩夜菇,燈罩夜菇
757.1,ヤトウモリ,Salandit,Molunk,Tritox,야도뇽,夜盗火蜥,夜盜火蜥
758.1,エンニュート,Salazzle,Amfira,Malamandre,염뉴트,焰后蜥,焰后蜥
759.1,ヌイコグマ,Stufful,Velursi,Nounourson,포곰곰,童偶熊,童偶熊
760.1,キテルグマ,Bewear,Kosturso,Chelours,이븐곰,穿着熊,穿著熊
761.1,アマカジ,Bounsweet,Frubberl,Croquine,달콤아,甜竹竹,甜竹竹
762.1,アママイコ,Steenee,Frubaila,Candine,달무리나,甜舞妮,甜舞妮
763.1,アマージョ,Tsareena,Fruyal,Sucreine,달코퀸,甜冷美后,甜冷美后
764.1,キュワワー,Comfey,Curelei,Guérilande,큐아링,花疗环环,花療環環
765.1,ヤレユータン,Oranguru,Kommandutan,Gouroutan,하랑우탄,智挥猩,智揮猩
766.1,ナゲツケサル,Passimian,Quartermak,Quartermac,내던숭이,投掷猴,投擲猴
767.1,コソクムシ,Wimpod,Reißlaus,Sovkipou,꼬시레,胆小虫,膽小蟲
768.1,グソクムシャ,Golisopod,Tectass,Sarmuraï,갑주무사,具甲武者,具甲武者
769.1,スナバァ,Sandygast,Sankabuh,Bacabouh,모래꿍,沙丘娃,沙丘娃
770.1,シロデスナ,Palossand,Colossand,Trépassable,모래성이당,噬沙堡爷,噬沙堡爺
771.1,ナマコブシ,Pyukumuku,Gufa,Concombaffe,해무기,拳海参,拳海參
772.1,タイプ：ヌル,Type: Null,null,null,null,null,null
773.1,シルヴァディ,Silvally,Amigento,Silvallié,실버디,银伴战兽,銀伴戰獸
774.1,メテノりゅうせいのすがた,Minior Meteor Form,null,null,null,null,null
774.2,メテノコア,Minior Core,null,null,null,null,null
775.1,ネッコアラ,Komala,Koalelu,Dodoala,자말라,树枕尾熊,樹枕尾熊
776.1,バクガメス,Turtonator,Tortunator,Boumata,폭거북스,爆焰龟兽,爆焰龜獸
777.1,トゲデマル,Togedemaru,Togedemaru,Togedemaru,토게데마루,托戈德玛尔,托戈德瑪爾
778.1,ミミッキュ,Mimikyu,Mimigma,Mimiqui,따라큐,谜拟丘,謎擬Ｑ
779.1,ハギギシリ,Bruxish,Knirfish,Denticrisse,치갈기,磨牙彩皮鱼,磨牙彩皮魚
780.1,ジジーロン,Drampa,Sen-Long,Draïeul,할비롱,老翁龙,老翁龍
781.1,ダダリン,Dhelmise,Moruda,Sinistrail,타타륜,破破舵轮,破破舵輪
782.1,ジャラコ,Jangmo-o,Miniras,Bébécaille,짜랑꼬,心鳞宝,心鱗寶
783.1,ジャランゴ,Hakamo-o,Mediras,Écaïd,짜랑고우,鳞甲龙,鱗甲龍
784.1,ジャラランガ,Kommo-o,Grandiras,Ékaïser,짜랑고우거,杖尾鳞甲龙,杖尾鱗甲龍
785.1,カプ・コケコ,Tapu Koko,Kapu-Riki,Tokorico,카푸꼬꼬꼭,卡璞・鸣鸣,卡璞・鳴鳴
786.1,カプ・テテフ,Tapu Lele,Kapu-Fala,Tokopiyon,카푸나비나,卡璞・蝶蝶,卡璞・蝶蝶
787.1,カプ・ブルル,Tapu Bulu,Kapu-Toro,Tokotoro,카푸브루루,卡璞・哞哞,卡璞・哞哞
788.1,カプ・レヒレ,Tapu Fini,Kapu-Kime,Tokopisco,카푸느지느,卡璞・鳍鳍,卡璞・鰭鰭
789.1,コスモッグ,Cosmog,Cosmog,Cosmog,코스모그,科斯莫古,科斯莫古
790.1,コスモウム,Cosmoem,Cosmovum,Cosmovum,코스모움,科斯莫姆,科斯莫姆
791.1,ソルガレオ,Solgaleo,Solgaleo,Solgaleo,솔가레오,索尔迦雷欧,索爾迦雷歐
792.1,ルナアーラ,Lunala,Lunala,Lunala,루나아라,露奈雅拉,露奈雅拉
793.1,ウツロイド,Nihilego,Anego,Zéroïd,텅비드,虚吾伊德,虛吾伊德
794.1,マッシブーン,Buzzwole,Masskito,Mouscoto,매시붕,爆肌蚊,爆肌蚊
795.1,フェローチェ,Pheromosa,Schabelle,Cancrelove,페로코체,费洛美螂,費洛美螂
796.1,デンジュモク,Xurkitree,Voltriant,Câblifère,전수목,电束木,電束木
797.1,テッカグヤ,Celesteela,Kaguron,Bamboiselle,철화구야,铁火辉夜,鐵火輝夜
798.1,カミツルギ,Kartana,Katagami,Katagami,종이신도,纸御剑,紙御劍
799.1,アクジキング,Guzzlord,Schlingking,Engloutyran,악식킹,恶食大王,惡食大王
800.1,ネクロズマ,Necrozma,Necrozma,Necrozma,네크로즈마,奈克洛兹玛,奈克洛茲瑪
800.2,ネクロズマたそがれのたてがみ,Necrozma Dusk Mane,null,null,null,null,null
800.3,ネクロズマあかつきのつばさ,Necrozma Dawn Wings,null,null,null,null,null
800.4,ウルトラネクロズマ,Ultra Necrozma,null,null,null,null,null
801.1,マギアナ,Magearna,Magearna,Magearna,마기아나,玛机雅娜,瑪機雅娜
802.1,マーシャドー,Marshadow,Marshadow,Marshadow,마샤도,玛夏多,瑪夏多
803.1,ベベノム,Poipole,Venicro,Vémini,베베놈,毒贝比,毒貝比
804.1,アーゴヨン,Naganadel,Agoyon,Mandrillon,아고용,四颚针龙,四顎針龍
805.1,ツンデツンデ,Stakataka,Muramura,Ama-Ama,차곡차곡,垒磊石,壘磊石
806.1,ズガドーン,Blacephalon,Kopplosio,Pierroteknik,두파팡,砰头小丑,砰頭小丑
807.1,ゼラオラ,Zeraora,Zeraora,Zeraora,제라오라,捷拉奥拉,捷拉奧拉
808.1,メルタン,Meltan,Meltan,Meltan,멜탄,美录坦,美錄坦
809.1,メルメタル,Melmetal,Melmetal,Melmetal,멜메탈,美录梅塔,美錄梅塔
810.1,サルノリ,Grookey,Chimpep,Ouistempo,흥나숭,敲音猴,敲音猴
811.1,バチンキー,Thwackey,Chimstix,Badabouin,채키몽,啪咚猴,啪咚猴
812.1,ゴリランダー,Rillaboom,Gortrom,Gorythmic,고릴타,轰擂金刚猩,轟擂金剛猩
813.1,ヒバニー,Scorbunny,Hopplo,Flambino,염버니,炎兔儿,炎兔兒
814.1,ラビフット,Raboot,Kickerlo,Lapyro,래비풋,腾蹴小将,騰蹴小將
815.1,エースバーン,Cinderace,Liberlo,Pyrobut,에이스번,闪焰王牌,閃焰王牌
816.1,メッソン,Sobble,Memmeon,Larméléon,울머기,泪眼蜥,淚眼蜥
817.1,ジメレオン,Drizzile,Phlegleon,Arrozard,누겔레온,变涩蜥,變澀蜥
818.1,インテレオン,Inteleon,Intelleon,Lézargus,인텔리레온,千面避役,千面避役
819.1,ホシガリス,Skwovet,Raffel,Rongourmand,탐리스,贪心栗鼠,貪心栗鼠
820.1,ヨクバリス,Greedent,Schlaraffel,Rongrigou,요씽리스,藏饱栗鼠,藏飽栗鼠
821.1,ココガラ,Rookidee,Meikro,Minisange,파라꼬,稚山雀,稚山雀
822.1,アオガラス,Corvisquire,Kranoviz,Bleuseille,파크로우,蓝鸦,藍鴉
823.1,アーマーガア,Corviknight,Krarmor,Corvaillus,아머까오,钢铠鸦,鋼鎧鴉
824.1,サッチムシ,Blipbug,Sensect,Larvadar,두루지벌레,索侦虫,索偵蟲
825.1,レドームシ,Dottler,Keradar,Coléodôme,레돔벌레,天罩虫,天罩蟲
826.1,イオルブ,Orbeetle,Maritellit,Astronelle,이올브,以欧路普,以歐路普
827.1,クスネ,Nickit,Kleptifux,Goupilou,훔처우,狡小狐,偷兒狐
828.1,フォクスライ,Thievul,Gaunux,Roublenard,폭슬라이,猾大狐,狐大盜
829.1,ヒメンカ,Gossifleur,Cottini,Tournicoton,꼬모카,幼棉棉,幼棉棉
830.1,ワタシラガ,Eldegoss,Cottomi,Blancoton,백솜모카,白蓬蓬,白蓬蓬
831.1,ウールー,Wooloo,Wolly,Moumouton,우르,毛辫羊,毛辮羊
832.1,バイウールー,Dubwool,Zwollock,Moumouflon,배우르,毛毛角羊,毛毛角羊
833.1,カムカメ,Chewtle,Kamehaps,Khélocrok,깨물부기,咬咬龟,咬咬龜
834.1,カジリガメ,Drednaw,Kamalm,Torgamord,갈가부기,暴噬龟,暴噬龜
835.1,ワンパチ,Yamper,Voldi,Voltoutou,멍파치,来电汪,來電汪
836.1,パルスワン,Boltund,Bellektro,Fulgudog,펄스멍,逐电犬,逐電犬
837.1,タンドン,Rolycoly,Klonkett,Charbi,탄동,小炭仔,小炭仔
838.1,トロッゴン,Carkol,Wagong,Wagomine,탄차곤,大炭车,大炭車
839.1,セキタンザン,Coalossal,Montecarbo,Monthracite,석탄산,巨炭山,巨炭山
840.1,カジッチュ,Applin,Knapfel,Verpom,과사삭벌레,啃果虫,啃果蟲
841.1,アップリュー,Flapple,Drapfel,Pomdrapi,애프룡,苹裹龙,蘋裹龍
842.1,タルップル,Appletun,Schlapfel,Dratatin,단지래플,丰蜜龙,豐蜜龍
843.1,スナヘビ,Silicobra,Salanga,Dunaja,모래뱀,沙包蛇,沙包蛇
844.1,サダイジャ,Sandaconda,Sanaconda,Dunaconda,사다이사,沙螺蟒,沙螺蟒
845.1,ウッウ,Cramorant,Urgl,Nigosier,윽우지,古月鸟,古月鳥
846.1,サシカマス,Arrokuda,Pikuda,Embrochet,찌로꼬치,刺梭鱼,刺梭魚
847.1,カマスジョー,Barraskewda,Barrakiefa,Hastacuda,꼬치조,戽斗尖梭,戽斗尖梭
848.1,エレズン,Toxel,Toxel,Toxizap,일레즌,电音婴,毒電嬰
849.1,ストリンダーハイなすがた,Toxtricity Amped Form,null,null,null,null,null
849.2,ストリンダーローなすがた,Toxtricity Low Key Form,null,null,null,null,null
850.1,ヤクデ,Sizzlipede,Thermopod,Grillepattes,태우지네,烧火蚣,燒火蚣
851.1,マルヤクデ,Centiskorch,Infernopod,Scolocendre,다태우지네,焚焰蚣,焚焰蚣
852.1,タタッコ,Clobbopus,Klopptopus,Poulpaf,때때무노,拳拳蛸,拳拳蛸
853.1,オトスパス,Grapploct,Kaocto,Krakos,케오퍼스,八爪武师,八爪武師
854.1,ヤバチャ,Sinistea,Fatalitee,Théffroi,데인차,来悲茶,來悲茶
855.1,ポットデス,Polteageist,Mortipot,Polthégeist,포트데스,怖思壶,怖思壺
856.1,ミブリム,Hatenna,Brimova,Bibichut,몸지브림,迷布莉姆,迷布莉姆
857.1,テブリム,Hattrem,Brimano,Chapotus,손지브림,提布莉姆,提布莉姆
858.1,ブリムオン,Hatterene,Silembrim,Sorcilence,브리무음,布莉姆温,布莉姆溫
859.1,ベロバー,Impidimp,Bähmon,Grimalin,메롱꿍,捣蛋小妖,搗蛋小妖
860.1,ギモー,Morgrem,Pelzebub,Fourbelin,쏘겨모,诈唬魔,詐唬魔
861.1,オーロンゲ,Grimmsnarl,Olangaar,Angoliath,오롱털,长毛巨魔,長毛巨魔
862.1,タチフサグマ,Obstagoon,Barrikadax,Ixon,가로막구리,堵拦熊,堵攔熊
863.1,ニャイキング,Perrserker,Mauzinger,Berserkatt,나이킹,喵头目,喵頭目
864.1,サニゴーン,Cursola,Gorgasonn,Corayôme,산호르곤,魔灵珊瑚,魔靈珊瑚
865.1,ネギガナイト,Sirfetch'd,Lauchzelot,Palarticho,창파나이트,葱游兵,蔥遊兵
866.1,バリコオル,Mr. Rime,Pantifrost,M. Glaquette,마임꽁꽁,踏冰人偶,踏冰人偶
867.1,デスバーン,Runerigus,Oghnatoll,Tutétékri,데스판,迭失板,死神板
868.1,マホミル,Milcery,Hokumil,Crèmy,마빌크,小仙奶,小仙奶
869.1,マホイップ,Alcremie,Pokusan,Charmilly,마휘핑,霜奶仙,霜奶仙
870.1,タイレーツ,Falinks,Legios,Hexadron,대여르,列阵兵,列陣兵
871.1,バチンウニ,Pincurchin,Britzigel,Wattapik,찌르성게,啪嚓海胆,啪嚓海膽
872.1,ユキハミ,Snom,Snomnom,Frissonille,누니머기,雪吞虫,雪吞蟲
873.1,モスノウ,Frosmoth,Mottineva,Beldeneige,모스노우,雪绒蛾,雪絨蛾
874.1,イシヘンジン,Stonjourner,Humanolith,Dolman,돌헨진,巨石丁,巨石丁
875.1,コオリッポアイスフェイス,Eiscue Ice Face,null,null,null,null,null
875.2,コオリッポナイスフェイス,Eiscue Noice Face,null,null,null,null,null
876.1,イエッサン,Indeedee,Servol,Wimessir,에써르,爱管侍,愛管侍
876.2,イエッサン,Indeedee,Servol,Wimessir,에써르,爱管侍,愛管侍
877.1,モルペコまんぷくもよう,Morpeko Full Berry Mode,null,null,null,null,null
878.1,ゾウドウ,Cufant,Kupfanti,Charibari,끼리동,铜象,銅象
879.1,ダイオウドウ,Copperajah,Patinaraja,Pachyradjah,대왕끼리동,大王铜象,大王銅象
880.1,パッチラゴン,Dracozolt,Lectragon,Galvagon,파치래곤,雷鸟龙,雷鳥龍
881.1,パッチルドン,Arctozolt,Lecryodon,Galvagla,파치르돈,雷鸟海兽,雷鳥海獸
882.1,ウオノラゴン,Dracovish,Pescragon,Hydragon,어래곤,鳃鱼龙,鰓魚龍
883.1,ウオチルドン,Arctovish,Pescryodon,Hydragla,어치르돈,鳃鱼海兽,鰓魚海獸
884.1,ジュラルドン,Duraludon,Duraludon,Duralugon,두랄루돈,铝钢龙,鋁鋼龍
885.1,ドラメシヤ,Dreepy,Grolldra,Fantyrm,드라꼰,多龙梅西亚,多龍梅西亞
886.1,ドロンチ,Drakloak,Phandra,Dispareptil,드래런치,多龙奇,多龍奇
887.1,ドラパルト,Dragapult,Katapuldra,Lanssorien,드래펄트,多龙巴鲁托,多龍巴魯托
888.1,ザシアンけんのおう,Zacian Crowned Sword,null,null,null,null,null
888.2,ザシアンれきせんのゆうしゃ,Zacian Hero of Many Battles,null,null,null,null,null
889.1,ザマゼンタたてのおう,Zamazenta Crowned Shield,null,null,null,null,null
889.2,ザマゼンタれきせんのゆうしゃ,Zamazenta Hero of Many Battles,null,null,null,null,null
890.1,ムゲンダイナ,Eternatus,Endynalos,Éthernatos,무한다이노,无极汰那,無極汰那
891.1,ダクマ,Kubfu,Dakuma,Wushours,치고마,熊徒弟,熊徒弟
892.1,ウーラオスいちげきのかた,Urshifu Single Strike,null,null,null,null,null
892.2,ウーラオスれんげきのかた,Urshifu Rapid Strike,null,null,null,null,null
893.1,ザルード,Zarude,Zarude,Zarude,자루도,萨戮德,薩戮德
894.1,レジエレキ,Regieleki,Regieleki,Regieleki,레지에레키,雷吉艾勒奇,雷吉艾勒奇
895.1,レジドラゴ,Regidrago,Regidrago,Regidrago,레지드래고,雷吉铎拉戈,雷吉鐸拉戈
896.1,ブリザポス,Glastrier,Polaross,Blizzeval,블리자포스,雪暴马,雪暴馬
897.1,レイスポス,Spectrier,Phantoross,Spectreval,레이스포스,灵幽马,靈幽馬
898.1,バドレックス,Calyrex,Coronospa,Sylveroy,버드렉스,蕾冠王,蕾冠王
898.2,バドレックスはくばじょうのすがた,Calyrex Ice Rider,null,null,null,null,null
898.3,バドレックスこくばじょうのすがた,Calyrex Shadow Rider,null,null,null,null,null
899.1,アヤシシ,Wyrdeer,Damythir,Cerbyllin,신비록,诡角鹿,詭角鹿
900.1,バサギリ,Kleavor,Axantor,Hachécateur,사마자르,劈斧螳螂,劈斧螳螂
901.1,ガチグマ,Ursaluna,Ursaluna,Ursaking,다투곰,月月熊,月月熊
902.1,イダイトウ,Basculegion,Salmagnis,Paragruel,대쓰여너,幽尾玄鱼,幽尾玄魚
902.2,イダイトウ,Basculegion,Salmagnis,Paragruel,대쓰여너,幽尾玄鱼,幽尾玄魚
903.1,オオニューラ,Sneasler,Snieboss,Farfurex,포푸니크,大狃拉,大狃拉
904.1,ハリーマン,Overqwill,null,null,null,null,null
905.1,ラブトロスけしんフォルム,Enamorus Incarnate Form,null,null,null,null,null
905.2,ラブトロスれいじゅうフォルム,Enamorus Therian Form,null,null,null,null,null
906.1,ニャオハ,Sprigatito,Felori,Poussacha,나오하,新叶喵,新葉喵
907.1,ニャローテ,Floragato,Feliospa,Matourgeon,나로테,蒂蕾喵,蒂蕾喵
908.1,マスカーニャ,Meowscarada,Maskagato,Miascarade,마스카나,魔幻假面喵,魔幻假面喵
909.1,ホゲータ,Fuecoco,Krokel,Chochodile,뜨아거,呆火鳄,呆火鱷
910.1,アチゲータ,Crocalor,Lokroko,Crocogril,악뜨거,炙烫鳄,炙燙鱷
911.1,ラウドボーン,Skeledirge,Skelokrok,Flâmigator,라우드본,骨纹惊声鳄,骨紋驚聲鱷
912.1,クワッス,Quaxly,Kwaks,Coiffeton,꾸왁스,润水鸭,潤水鴨
913.1,ウェルカモ,Quaxwell,Fuentente,Canarbello,아꾸왁,涌跃鸭,湧躍鴨
914.1,ウェーニバル,Quaquaval,Bailonda,Palmaval,웨이니발,狂欢浪舞鸭,狂歡浪舞鴨
915.1,グルトン,Lechonk,Ferkuli,Gourmelet,맛보돈,爱吃豚,愛吃豚
916.1,パフュートン,Oinkologne,Fragrunz,Fragroin,퍼퓨돈,飘香豚,飄香豚
916.2,パフュートン,Oinkologne,Fragrunz,Fragroin,퍼퓨돈,飘香豚,飄香豚
917.1,タマンチュラ,Tarountula,Tarundel,Tissenboule,타랜툴라,团珠蛛,團珠蛛
918.1,ワナイダー,Spidops,Spinsidias,Filentrappe,트래피더,操陷蛛,操陷蛛
919.1,マメバッタ,Nymble,Micrick,Lilliterelle,콩알뚜기,豆蟋蟀,豆蟋蟀
920.1,エクスレッグ,Lokix,Lextremo,Gambex,엑스레그,烈腿蝗,烈腿蝗
921.1,パモ,Pawmi,Pamo,Pohm,빠모,布拨,布撥
922.1,パモット,Pawmo,Pamamo,Pohmotte,빠모트,布土拨,布土撥
923.1,パーモット,Pawmot,Pamomamo,Pohmarmotte,빠르모트,巴布土拨,巴布土撥
924.1,ワッカネズミ,Tandemaus,Zwieps,Compagnol,두리쥐,一对鼠,一對鼠
925.1,イッカネズミ3びきかぞく,Maushold Family of Three,null,null,null,null,null
926.1,パピモッチ,Fidough,Hefel,Pâtachiot,쫀도기,狗仔包,狗仔包
927.1,バウッツェル,Dachsbun,Backel,Briochien,바우첼,麻花犬,麻花犬
928.1,ミニーブ,Smoliv,Olini,Olivini,미니브,迷你芙,迷你芙
929.1,オリーニョ,Dollry,null,null,null,null,null
930.1,オリーヴァ,Arboliva,Olithena,Arboliva,올리르바,奥利瓦,奧利瓦
931.1,イキリンコグリーンフェザー,Squawkabilly Green Plumage,null,null,null,null,null
931.2,イキリンコイエローフェザー,Squawkabilly Yellow Plumage,null,null,null,null,null
932.1,コジオ,Nacli,Geosali,Selutin,베베솔트,盐石宝,鹽石寶
933.1,ジオヅム,Naclistack,null,null,null,null,null
934.1,キョジオーン,Garganad,null,null,null,null,null
935.1,カルボウ,Charcadet,Knarbon,Charbambin,카르본,炭小侍,炭小侍
936.1,グレンアルマ,Armarouge,Crimanzo,Carmadura,카디나르마,红莲铠骑,紅蓮鎧騎
937.1,ソウブレイズ,Ceruledge,Azugladis,Malvalame,파라블레이즈,苍炎刃鬼,蒼炎刃鬼
938.1,ズピカ,Tadbulb,Blipp,Têtampoule,빈나두,光蚪仔,光蚪仔
939.1,ハラバリー,Bellibolt,Wampitz,Ampibidou,찌리배리,电肚蛙,電肚蛙
940.1,カイデン,Wattrel,Voltrel,Zapétrel,찌리비,电海燕,電海燕
941.1,タイカイデン,Kilowattrel,Voltrean,Fulgulairo,찌리비크,大电海燕,大電海燕
942.1,オラチフ,Maschiff,Mobtiff,Grondogue,오라티프,偶叫獒,偶叫獒
943.1,マフィティフ,Mabosstiff,Mastifioso,Dogrino,마피티프,獒教父,獒教父
944.1,シルシュルー,Shroodle,Sproxi,Gribouraigne,땃쭈르,滋汁鼹,滋汁鼴
945.1,タギングル,Grafaiai,Affiti,Tag-Tag,태깅구르,涂标客,塗標客
946.1,アノクサ,Bramblin,Weherba,Virovent,그푸리,纳噬草,納噬草
947.1,アノホラグサ,Brambleghast,Horrerba,Virevorreur,공푸리,怖纳噬草,怖納噬草
948.1,ノノクラゲ,Toedscool,Tentagra,Terracool,들눈해,原野水母,原野水母
949.1,リククラゲ,Toedscruel,Tenterra,Terracruel,육파리,陆地水母,陸地水母
950.1,ガケガニ,Klawf,Klibbe,Craparoi,절벼게,毛崖蟹,毛崖蟹
951.1,カプサイジ,Capsakid,Chilingel,Pimito,캡싸이,热辣娃,熱辣娃
952.1,スコヴィラン,Scovillain,Halupenjo,Scovilain,스코빌런,狠辣椒,狠辣椒
953.1,シガロコ,Rellor,Relluk,Léboulérou,구르데,虫滚泥,蟲滾泥
954.1,ベラカス,Rabsca,Skarabaks,Bérasca,베라카스,虫甲圣,蟲甲聖
955.1,ヒラヒナ,Flittle,Flattutu,Flotillon,하느라기,飘飘雏,飄飄雛
956.1,クエスパトラ,Espartha,null,null,null,null,null
957.1,カヌチャン,Tinkatink,Forgita,Forgerette,어리짱,小锻匠,小鍛匠
958.1,ナカヌチャン,Tinkatuff,Tafforgita,Forgella,벼리짱,巧锻匠,巧鍛匠
959.1,デカヌチャン,Tinkaton,Granforgita,Forgelina,두드리짱,巨锻匠,巨鍛匠
960.1,ウミディグダ,Wiglett,Schligda,Taupikeau,바다그다,海地鼠,海地鼠
961.1,ウミトリオ,Wugtrio,Schligdri,Triopikeau,바닥트리오,三海地鼠,三海地鼠
962.1,オトシドリ,Bombirdier,Adebom,Lestombaile,떨구새,下石鸟,下石鳥
963.1,ナミイルカ,Finizen,Normifin,Dofin,맨돌핀,波普海豚,波普海豚
964.1,イルカマンマイティフォルム,Palafin Hero Form,null,null,null,null,null
964.2,イルカマンナイーブフォルム,Palafin Zero Form,null,null,null,null,null
965.1,ブロロン,Varoom,Knattox,Vrombi,부르롱,噗隆隆,噗隆隆
966.1,ブロロローム,Revavroom,Knattatox,Vrombotor,부르르룸,普隆隆姆,普隆隆姆
967.1,モトトカゲ,Cyclizar,Mopex,Motorizard,모토마,摩托蜥,摩托蜥
968.1,ミミズズ,Orthworm,Schlurm,Ferdeter,꿈트렁,拖拖蚓,拖拖蚓
969.1,キラーメ,Glimmet,Lumispross,Germéclat,초롱순,晶光芽,晶光芽
970.1,キラフロル,Glimmora,Lumiflora,Floréclat,킬라플로르,晶光花,晶光花
971.1,ボチ,Greavard,Gruff,Toutombe,망망이,墓仔狗,墓仔狗
972.1,ハカドッグ,Houndstone,Friedwuff,Tomberro,묘두기,墓扬犬,墓揚犬
973.1,カラミンゴ,Flamigo,Flaminkno,Flamenroule,꼬이밍고,缠红鹤,纏紅鶴
974.1,アルクジラ,Cetoddle,Flaniwal,Piétacé,터벅고래,走鲸,走鯨
975.1,ハルクジラ,Cetitan,Kolowal,Balbalèze,우락고래,浩大鲸,浩大鯨
976.1,ミガルーサ,Veluza,Agiluza,Délestin,가비루사,轻身鳕,輕身鱈
977.1,ヘイラッシャ,Dondozo,Heerashai,Oyacata,어써러셔,吃吼霸,吃吼霸
978.1,シャリタツそったすがた,Tatsugiri Curly Form,null,null,null,null,null
979.1,コノヨザル,Amihilape,null,null,null,null,null
980.1,ドオー,Clodsire,Suelord,Terraiste,토오,土王,土王
981.1,リキキリン,Farigiraf,Farigiraf,Farigiraf,키키링,奇麒麟,奇麒麟
982.1,ノココッチふたふしフォルム,Dundunsparce Two-Segment Form,null,null,null,null,null
983.1,ドドゲザン,Kingambit,Gladimperio,Scalpereur,대도각참,仆刀将军,仆斬將軍
984.1,イダイナキバ,Great Tusk,null,null,null,null,null
985.1,サケブシッポ,Scream Tail,null,null,null,null,null
986.1,アラブルタケ,Brute Bonnet,null,null,null,null,null
987.1,ハバタクカミ,Flutter Mane,null,null,null,null,null
988.1,チヲハウハネ,Slither Wing,null,null,null,null,null
989.1,スナノケガワ,Sandy Shocks,null,null,null,null,null
990.1,テツノワダチ,Iron Treads,null,null,null,null,null
991.1,テツノツツミ,Iron Bundle,null,null,null,null,null
992.1,テツノカイナ,Iron Hands,null,null,null,null,null
993.1,テツノコウベ,Iron Jugulis,null,null,null,null,null
994.1,テツノドクガ,Iron Moth,null,null,null,null,null
995.1,テツノイバラ,Iron Thorns,null,null,null,null,null
996.1,セビエ,Arbolovia,null,null,null,null,null
997.1,セゴール,Arctibax,Cryospino,Cryodo,드니꽁,冻脊龙,凍脊龍
998.1,セグレイブ,Baxcalibur,Espinodon,Glaivodo,드닐레이브,戟脊龙,戟脊龍
999.1,コレクレー（はこフォルム）,Gimmighoul （Chest Form）,null,null,null,null,null
1000.1,サーフゴー,Gholdengo,Monetigo,Gromago,타부자고,赛富豪,賽富豪
1001.1,チオンジェン,Wo-Chien,Chongjian,Chongjian,총지엔,古简蜗,古簡蝸
1002.1,パオジアン,Chien-Pao,Baojian,Baojian,파오젠,古剑豹,古劍豹
1003.1,ディンルー,Ting-Lu,Dinglu,Dinglu,딩루,古鼎鹿,古鼎鹿
1004.1,イーユイ,Chi-Yu,Yuyu,Yuyu,위유이,古玉鱼,古玉魚
1005.1,トドロクツキ,Roaring Moon,null,null,null,null,null
1006.1,テツノブジン,Iron Valiant,null,null,null,null,null
1007.1,コライドン,Koraidon,Koraidon,Koraidon,코라이돈,故勒顿,故勒頓
1008.1,ミライドン,Miraidon,Miraidon,Miraidon,미라이돈,密勒顿,密勒頓
1009.1,ウネルミナモ,Walking Wake,null,null,null,null,null
1010.1,テツノイサハ,Iron Leaves ,Eisenblatt,Vert-de-Fer,무쇠잎새,铁斑叶,鉄斑葉
